date,county,time,count
2020-01-22,Abbeville,1,0
2020-01-22,Anderson,1,0
2020-01-22,Cherokee,1,0
2020-01-22,Greenville,1,0
2020-01-22,Greenwood,1,0
2020-01-22,Laurens,1,0
2020-01-22,Oconee,1,0
2020-01-22,Pickens,1,0
2020-01-22,Spartanburg,1,0
2020-01-22,Union,1,0
2020-01-23,Abbeville,2,0
2020-01-23,Anderson,2,0
2020-01-23,Cherokee,2,0
2020-01-23,Greenville,2,0
2020-01-23,Greenwood,2,0
2020-01-23,Laurens,2,0
2020-01-23,Oconee,2,0
2020-01-23,Pickens,2,0
2020-01-23,Spartanburg,2,0
2020-01-23,Union,2,0
2020-01-24,Abbeville,3,0
2020-01-24,Anderson,3,0
2020-01-24,Cherokee,3,0
2020-01-24,Greenville,3,0
2020-01-24,Greenwood,3,0
2020-01-24,Laurens,3,0
2020-01-24,Oconee,3,0
2020-01-24,Pickens,3,0
2020-01-24,Spartanburg,3,0
2020-01-24,Union,3,0
2020-01-25,Abbeville,4,0
2020-01-25,Anderson,4,0
2020-01-25,Cherokee,4,0
2020-01-25,Greenville,4,0
2020-01-25,Greenwood,4,0
2020-01-25,Laurens,4,0
2020-01-25,Oconee,4,0
2020-01-25,Pickens,4,0
2020-01-25,Spartanburg,4,0
2020-01-25,Union,4,0
2020-01-26,Abbeville,5,0
2020-01-26,Anderson,5,0
2020-01-26,Cherokee,5,0
2020-01-26,Greenville,5,0
2020-01-26,Greenwood,5,0
2020-01-26,Laurens,5,0
2020-01-26,Oconee,5,0
2020-01-26,Pickens,5,0
2020-01-26,Spartanburg,5,0
2020-01-26,Union,5,0
2020-01-27,Abbeville,6,0
2020-01-27,Anderson,6,0
2020-01-27,Cherokee,6,0
2020-01-27,Greenville,6,0
2020-01-27,Greenwood,6,0
2020-01-27,Laurens,6,0
2020-01-27,Oconee,6,0
2020-01-27,Pickens,6,0
2020-01-27,Spartanburg,6,0
2020-01-27,Union,6,0
2020-01-28,Abbeville,7,0
2020-01-28,Anderson,7,0
2020-01-28,Cherokee,7,0
2020-01-28,Greenville,7,0
2020-01-28,Greenwood,7,0
2020-01-28,Laurens,7,0
2020-01-28,Oconee,7,0
2020-01-28,Pickens,7,0
2020-01-28,Spartanburg,7,0
2020-01-28,Union,7,0
2020-01-29,Abbeville,8,0
2020-01-29,Anderson,8,0
2020-01-29,Cherokee,8,0
2020-01-29,Greenville,8,0
2020-01-29,Greenwood,8,0
2020-01-29,Laurens,8,0
2020-01-29,Oconee,8,0
2020-01-29,Pickens,8,0
2020-01-29,Spartanburg,8,0
2020-01-29,Union,8,0
2020-01-30,Abbeville,9,0
2020-01-30,Anderson,9,0
2020-01-30,Cherokee,9,0
2020-01-30,Greenville,9,0
2020-01-30,Greenwood,9,0
2020-01-30,Laurens,9,0
2020-01-30,Oconee,9,0
2020-01-30,Pickens,9,0
2020-01-30,Spartanburg,9,0
2020-01-30,Union,9,0
2020-01-31,Abbeville,10,0
2020-01-31,Anderson,10,0
2020-01-31,Cherokee,10,0
2020-01-31,Greenville,10,0
2020-01-31,Greenwood,10,0
2020-01-31,Laurens,10,0
2020-01-31,Oconee,10,0
2020-01-31,Pickens,10,0
2020-01-31,Spartanburg,10,0
2020-01-31,Union,10,0
2020-02-01,Abbeville,11,0
2020-02-01,Anderson,11,0
2020-02-01,Cherokee,11,0
2020-02-01,Greenville,11,0
2020-02-01,Greenwood,11,0
2020-02-01,Laurens,11,0
2020-02-01,Oconee,11,0
2020-02-01,Pickens,11,0
2020-02-01,Spartanburg,11,0
2020-02-01,Union,11,0
2020-02-02,Abbeville,12,0
2020-02-02,Anderson,12,0
2020-02-02,Cherokee,12,0
2020-02-02,Greenville,12,0
2020-02-02,Greenwood,12,0
2020-02-02,Laurens,12,0
2020-02-02,Oconee,12,0
2020-02-02,Pickens,12,0
2020-02-02,Spartanburg,12,0
2020-02-02,Union,12,0
2020-02-03,Abbeville,13,0
2020-02-03,Anderson,13,0
2020-02-03,Cherokee,13,0
2020-02-03,Greenville,13,0
2020-02-03,Greenwood,13,0
2020-02-03,Laurens,13,0
2020-02-03,Oconee,13,0
2020-02-03,Pickens,13,0
2020-02-03,Spartanburg,13,0
2020-02-03,Union,13,0
2020-02-04,Abbeville,14,0
2020-02-04,Anderson,14,0
2020-02-04,Cherokee,14,0
2020-02-04,Greenville,14,0
2020-02-04,Greenwood,14,0
2020-02-04,Laurens,14,0
2020-02-04,Oconee,14,0
2020-02-04,Pickens,14,0
2020-02-04,Spartanburg,14,0
2020-02-04,Union,14,0
2020-02-05,Abbeville,15,0
2020-02-05,Anderson,15,0
2020-02-05,Cherokee,15,0
2020-02-05,Greenville,15,0
2020-02-05,Greenwood,15,0
2020-02-05,Laurens,15,0
2020-02-05,Oconee,15,0
2020-02-05,Pickens,15,0
2020-02-05,Spartanburg,15,0
2020-02-05,Union,15,0
2020-02-06,Abbeville,16,0
2020-02-06,Anderson,16,0
2020-02-06,Cherokee,16,0
2020-02-06,Greenville,16,0
2020-02-06,Greenwood,16,0
2020-02-06,Laurens,16,0
2020-02-06,Oconee,16,0
2020-02-06,Pickens,16,0
2020-02-06,Spartanburg,16,0
2020-02-06,Union,16,0
2020-02-07,Abbeville,17,0
2020-02-07,Anderson,17,0
2020-02-07,Cherokee,17,0
2020-02-07,Greenville,17,0
2020-02-07,Greenwood,17,0
2020-02-07,Laurens,17,0
2020-02-07,Oconee,17,0
2020-02-07,Pickens,17,0
2020-02-07,Spartanburg,17,0
2020-02-07,Union,17,0
2020-02-08,Abbeville,18,0
2020-02-08,Anderson,18,0
2020-02-08,Cherokee,18,0
2020-02-08,Greenville,18,0
2020-02-08,Greenwood,18,0
2020-02-08,Laurens,18,0
2020-02-08,Oconee,18,0
2020-02-08,Pickens,18,0
2020-02-08,Spartanburg,18,0
2020-02-08,Union,18,0
2020-02-09,Abbeville,19,0
2020-02-09,Anderson,19,0
2020-02-09,Cherokee,19,0
2020-02-09,Greenville,19,0
2020-02-09,Greenwood,19,0
2020-02-09,Laurens,19,0
2020-02-09,Oconee,19,0
2020-02-09,Pickens,19,0
2020-02-09,Spartanburg,19,0
2020-02-09,Union,19,0
2020-02-10,Abbeville,20,0
2020-02-10,Anderson,20,0
2020-02-10,Cherokee,20,0
2020-02-10,Greenville,20,0
2020-02-10,Greenwood,20,0
2020-02-10,Laurens,20,0
2020-02-10,Oconee,20,0
2020-02-10,Pickens,20,0
2020-02-10,Spartanburg,20,0
2020-02-10,Union,20,0
2020-02-11,Abbeville,21,0
2020-02-11,Anderson,21,0
2020-02-11,Cherokee,21,0
2020-02-11,Greenville,21,0
2020-02-11,Greenwood,21,0
2020-02-11,Laurens,21,0
2020-02-11,Oconee,21,0
2020-02-11,Pickens,21,0
2020-02-11,Spartanburg,21,0
2020-02-11,Union,21,0
2020-02-12,Abbeville,22,0
2020-02-12,Anderson,22,0
2020-02-12,Cherokee,22,0
2020-02-12,Greenville,22,0
2020-02-12,Greenwood,22,0
2020-02-12,Laurens,22,0
2020-02-12,Oconee,22,0
2020-02-12,Pickens,22,0
2020-02-12,Spartanburg,22,0
2020-02-12,Union,22,0
2020-02-13,Abbeville,23,0
2020-02-13,Anderson,23,0
2020-02-13,Cherokee,23,0
2020-02-13,Greenville,23,0
2020-02-13,Greenwood,23,0
2020-02-13,Laurens,23,0
2020-02-13,Oconee,23,0
2020-02-13,Pickens,23,0
2020-02-13,Spartanburg,23,0
2020-02-13,Union,23,0
2020-02-14,Abbeville,24,0
2020-02-14,Anderson,24,0
2020-02-14,Cherokee,24,0
2020-02-14,Greenville,24,0
2020-02-14,Greenwood,24,0
2020-02-14,Laurens,24,0
2020-02-14,Oconee,24,0
2020-02-14,Pickens,24,0
2020-02-14,Spartanburg,24,0
2020-02-14,Union,24,0
2020-02-15,Abbeville,25,0
2020-02-15,Anderson,25,0
2020-02-15,Cherokee,25,0
2020-02-15,Greenville,25,0
2020-02-15,Greenwood,25,0
2020-02-15,Laurens,25,0
2020-02-15,Oconee,25,0
2020-02-15,Pickens,25,0
2020-02-15,Spartanburg,25,0
2020-02-15,Union,25,0
2020-02-16,Abbeville,26,0
2020-02-16,Anderson,26,0
2020-02-16,Cherokee,26,0
2020-02-16,Greenville,26,0
2020-02-16,Greenwood,26,0
2020-02-16,Laurens,26,0
2020-02-16,Oconee,26,0
2020-02-16,Pickens,26,0
2020-02-16,Spartanburg,26,0
2020-02-16,Union,26,0
2020-02-17,Abbeville,27,0
2020-02-17,Anderson,27,0
2020-02-17,Cherokee,27,0
2020-02-17,Greenville,27,0
2020-02-17,Greenwood,27,0
2020-02-17,Laurens,27,0
2020-02-17,Oconee,27,0
2020-02-17,Pickens,27,0
2020-02-17,Spartanburg,27,0
2020-02-17,Union,27,0
2020-02-18,Abbeville,28,0
2020-02-18,Anderson,28,0
2020-02-18,Cherokee,28,0
2020-02-18,Greenville,28,0
2020-02-18,Greenwood,28,0
2020-02-18,Laurens,28,0
2020-02-18,Oconee,28,0
2020-02-18,Pickens,28,0
2020-02-18,Spartanburg,28,0
2020-02-18,Union,28,0
2020-02-19,Abbeville,29,0
2020-02-19,Anderson,29,0
2020-02-19,Cherokee,29,0
2020-02-19,Greenville,29,0
2020-02-19,Greenwood,29,0
2020-02-19,Laurens,29,0
2020-02-19,Oconee,29,0
2020-02-19,Pickens,29,0
2020-02-19,Spartanburg,29,0
2020-02-19,Union,29,0
2020-02-20,Abbeville,30,0
2020-02-20,Anderson,30,0
2020-02-20,Cherokee,30,0
2020-02-20,Greenville,30,0
2020-02-20,Greenwood,30,0
2020-02-20,Laurens,30,0
2020-02-20,Oconee,30,0
2020-02-20,Pickens,30,0
2020-02-20,Spartanburg,30,0
2020-02-20,Union,30,0
2020-02-21,Abbeville,31,0
2020-02-21,Anderson,31,0
2020-02-21,Cherokee,31,0
2020-02-21,Greenville,31,0
2020-02-21,Greenwood,31,0
2020-02-21,Laurens,31,0
2020-02-21,Oconee,31,0
2020-02-21,Pickens,31,0
2020-02-21,Spartanburg,31,0
2020-02-21,Union,31,0
2020-02-22,Abbeville,32,0
2020-02-22,Anderson,32,0
2020-02-22,Cherokee,32,0
2020-02-22,Greenville,32,0
2020-02-22,Greenwood,32,0
2020-02-22,Laurens,32,0
2020-02-22,Oconee,32,0
2020-02-22,Pickens,32,0
2020-02-22,Spartanburg,32,0
2020-02-22,Union,32,0
2020-02-23,Abbeville,33,0
2020-02-23,Anderson,33,0
2020-02-23,Cherokee,33,0
2020-02-23,Greenville,33,0
2020-02-23,Greenwood,33,0
2020-02-23,Laurens,33,0
2020-02-23,Oconee,33,0
2020-02-23,Pickens,33,0
2020-02-23,Spartanburg,33,0
2020-02-23,Union,33,0
2020-02-24,Abbeville,34,0
2020-02-24,Anderson,34,0
2020-02-24,Cherokee,34,0
2020-02-24,Greenville,34,0
2020-02-24,Greenwood,34,0
2020-02-24,Laurens,34,0
2020-02-24,Oconee,34,0
2020-02-24,Pickens,34,0
2020-02-24,Spartanburg,34,0
2020-02-24,Union,34,0
2020-02-25,Abbeville,35,0
2020-02-25,Anderson,35,0
2020-02-25,Cherokee,35,0
2020-02-25,Greenville,35,0
2020-02-25,Greenwood,35,0
2020-02-25,Laurens,35,0
2020-02-25,Oconee,35,0
2020-02-25,Pickens,35,0
2020-02-25,Spartanburg,35,0
2020-02-25,Union,35,0
2020-02-26,Abbeville,36,0
2020-02-26,Anderson,36,0
2020-02-26,Cherokee,36,0
2020-02-26,Greenville,36,0
2020-02-26,Greenwood,36,0
2020-02-26,Laurens,36,0
2020-02-26,Oconee,36,0
2020-02-26,Pickens,36,0
2020-02-26,Spartanburg,36,0
2020-02-26,Union,36,0
2020-02-27,Abbeville,37,0
2020-02-27,Anderson,37,0
2020-02-27,Cherokee,37,0
2020-02-27,Greenville,37,0
2020-02-27,Greenwood,37,0
2020-02-27,Laurens,37,0
2020-02-27,Oconee,37,0
2020-02-27,Pickens,37,0
2020-02-27,Spartanburg,37,0
2020-02-27,Union,37,0
2020-02-28,Abbeville,38,0
2020-02-28,Anderson,38,0
2020-02-28,Cherokee,38,0
2020-02-28,Greenville,38,0
2020-02-28,Greenwood,38,0
2020-02-28,Laurens,38,0
2020-02-28,Oconee,38,0
2020-02-28,Pickens,38,0
2020-02-28,Spartanburg,38,0
2020-02-28,Union,38,0
2020-02-29,Abbeville,39,0
2020-02-29,Anderson,39,0
2020-02-29,Cherokee,39,0
2020-02-29,Greenville,39,0
2020-02-29,Greenwood,39,0
2020-02-29,Laurens,39,0
2020-02-29,Oconee,39,0
2020-02-29,Pickens,39,0
2020-02-29,Spartanburg,39,0
2020-02-29,Union,39,0
2020-03-01,Abbeville,40,0
2020-03-01,Anderson,40,0
2020-03-01,Cherokee,40,0
2020-03-01,Greenville,40,0
2020-03-01,Greenwood,40,0
2020-03-01,Laurens,40,0
2020-03-01,Oconee,40,0
2020-03-01,Pickens,40,0
2020-03-01,Spartanburg,40,0
2020-03-01,Union,40,0
2020-03-02,Abbeville,41,0
2020-03-02,Anderson,41,0
2020-03-02,Cherokee,41,0
2020-03-02,Greenville,41,0
2020-03-02,Greenwood,41,0
2020-03-02,Laurens,41,0
2020-03-02,Oconee,41,0
2020-03-02,Pickens,41,0
2020-03-02,Spartanburg,41,0
2020-03-02,Union,41,0
2020-03-03,Abbeville,42,0
2020-03-03,Anderson,42,0
2020-03-03,Cherokee,42,0
2020-03-03,Greenville,42,0
2020-03-03,Greenwood,42,0
2020-03-03,Laurens,42,0
2020-03-03,Oconee,42,0
2020-03-03,Pickens,42,0
2020-03-03,Spartanburg,42,0
2020-03-03,Union,42,0
2020-03-04,Abbeville,43,0
2020-03-04,Anderson,43,0
2020-03-04,Cherokee,43,0
2020-03-04,Greenville,43,0
2020-03-04,Greenwood,43,0
2020-03-04,Laurens,43,0
2020-03-04,Oconee,43,0
2020-03-04,Pickens,43,0
2020-03-04,Spartanburg,43,0
2020-03-04,Union,43,0
2020-03-05,Abbeville,44,0
2020-03-05,Anderson,44,0
2020-03-05,Cherokee,44,0
2020-03-05,Greenville,44,0
2020-03-05,Greenwood,44,0
2020-03-05,Laurens,44,0
2020-03-05,Oconee,44,0
2020-03-05,Pickens,44,0
2020-03-05,Spartanburg,44,0
2020-03-05,Union,44,0
2020-03-06,Abbeville,45,0
2020-03-06,Anderson,45,0
2020-03-06,Cherokee,45,0
2020-03-06,Greenville,45,0
2020-03-06,Greenwood,45,0
2020-03-06,Laurens,45,0
2020-03-06,Oconee,45,0
2020-03-06,Pickens,45,0
2020-03-06,Spartanburg,45,0
2020-03-06,Union,45,0
2020-03-07,Abbeville,46,0
2020-03-07,Anderson,46,0
2020-03-07,Cherokee,46,0
2020-03-07,Greenville,46,0
2020-03-07,Greenwood,46,0
2020-03-07,Laurens,46,0
2020-03-07,Oconee,46,0
2020-03-07,Pickens,46,0
2020-03-07,Spartanburg,46,0
2020-03-07,Union,46,0
2020-03-08,Abbeville,47,0
2020-03-08,Anderson,47,0
2020-03-08,Cherokee,47,0
2020-03-08,Greenville,47,0
2020-03-08,Greenwood,47,0
2020-03-08,Laurens,47,0
2020-03-08,Oconee,47,0
2020-03-08,Pickens,47,0
2020-03-08,Spartanburg,47,0
2020-03-08,Union,47,0
2020-03-09,Abbeville,48,0
2020-03-09,Anderson,48,0
2020-03-09,Cherokee,48,0
2020-03-09,Greenville,48,0
2020-03-09,Greenwood,48,0
2020-03-09,Laurens,48,0
2020-03-09,Oconee,48,0
2020-03-09,Pickens,48,0
2020-03-09,Spartanburg,48,1
2020-03-09,Union,48,0
2020-03-10,Abbeville,49,0
2020-03-10,Anderson,49,0
2020-03-10,Cherokee,49,0
2020-03-10,Greenville,49,0
2020-03-10,Greenwood,49,0
2020-03-10,Laurens,49,0
2020-03-10,Oconee,49,0
2020-03-10,Pickens,49,0
2020-03-10,Spartanburg,49,1
2020-03-10,Union,49,0
2020-03-11,Abbeville,50,0
2020-03-11,Anderson,50,0
2020-03-11,Cherokee,50,0
2020-03-11,Greenville,50,0
2020-03-11,Greenwood,50,0
2020-03-11,Laurens,50,0
2020-03-11,Oconee,50,0
2020-03-11,Pickens,50,0
2020-03-11,Spartanburg,50,1
2020-03-11,Union,50,0
2020-03-12,Abbeville,51,0
2020-03-12,Anderson,51,0
2020-03-12,Cherokee,51,0
2020-03-12,Greenville,51,0
2020-03-12,Greenwood,51,0
2020-03-12,Laurens,51,0
2020-03-12,Oconee,51,0
2020-03-12,Pickens,51,0
2020-03-12,Spartanburg,51,1
2020-03-12,Union,51,0
2020-03-13,Abbeville,52,0
2020-03-13,Anderson,52,0
2020-03-13,Cherokee,52,0
2020-03-13,Greenville,52,0
2020-03-13,Greenwood,52,0
2020-03-13,Laurens,52,0
2020-03-13,Oconee,52,0
2020-03-13,Pickens,52,0
2020-03-13,Spartanburg,52,1
2020-03-13,Union,52,0
2020-03-14,Abbeville,53,0
2020-03-14,Anderson,53,0
2020-03-14,Cherokee,53,0
2020-03-14,Greenville,53,0
2020-03-14,Greenwood,53,0
2020-03-14,Laurens,53,0
2020-03-14,Oconee,53,0
2020-03-14,Pickens,53,0
2020-03-14,Spartanburg,53,1
2020-03-14,Union,53,0
2020-03-15,Abbeville,54,0
2020-03-15,Anderson,54,0
2020-03-15,Cherokee,54,0
2020-03-15,Greenville,54,0
2020-03-15,Greenwood,54,0
2020-03-15,Laurens,54,0
2020-03-15,Oconee,54,0
2020-03-15,Pickens,54,0
2020-03-15,Spartanburg,54,1
2020-03-15,Union,54,0
2020-03-16,Abbeville,55,0
2020-03-16,Anderson,55,2
2020-03-16,Cherokee,55,0
2020-03-16,Greenville,55,1
2020-03-16,Greenwood,55,0
2020-03-16,Laurens,55,0
2020-03-16,Oconee,55,0
2020-03-16,Pickens,55,0
2020-03-16,Spartanburg,55,1
2020-03-16,Union,55,0
2020-03-17,Abbeville,56,0
2020-03-17,Anderson,56,2
2020-03-17,Cherokee,56,0
2020-03-17,Greenville,56,2
2020-03-17,Greenwood,56,0
2020-03-17,Laurens,56,0
2020-03-17,Oconee,56,0
2020-03-17,Pickens,56,0
2020-03-17,Spartanburg,56,1
2020-03-17,Union,56,0
2020-03-18,Abbeville,57,0
2020-03-18,Anderson,57,2
2020-03-18,Cherokee,57,0
2020-03-18,Greenville,57,3
2020-03-18,Greenwood,57,0
2020-03-18,Laurens,57,0
2020-03-18,Oconee,57,0
2020-03-18,Pickens,57,0
2020-03-18,Spartanburg,57,1
2020-03-18,Union,57,0
2020-03-19,Abbeville,58,1
2020-03-19,Anderson,58,2
2020-03-19,Cherokee,58,0
2020-03-19,Greenville,58,7
2020-03-19,Greenwood,58,0
2020-03-19,Laurens,58,0
2020-03-19,Oconee,58,0
2020-03-19,Pickens,58,0
2020-03-19,Spartanburg,58,1
2020-03-19,Union,58,0
2020-03-20,Abbeville,59,1
2020-03-20,Anderson,59,6
2020-03-20,Cherokee,59,0
2020-03-20,Greenville,59,12
2020-03-20,Greenwood,59,0
2020-03-20,Laurens,59,0
2020-03-20,Oconee,59,0
2020-03-20,Pickens,59,1
2020-03-20,Spartanburg,59,1
2020-03-20,Union,59,0
2020-03-21,Abbeville,60,1
2020-03-21,Anderson,60,10
2020-03-21,Cherokee,60,0
2020-03-21,Greenville,60,17
2020-03-21,Greenwood,60,3
2020-03-21,Laurens,60,0
2020-03-21,Oconee,60,0
2020-03-21,Pickens,60,1
2020-03-21,Spartanburg,60,2
2020-03-21,Union,60,0
2020-03-22,Abbeville,61,1
2020-03-22,Anderson,61,10
2020-03-22,Cherokee,61,0
2020-03-22,Greenville,61,19
2020-03-22,Greenwood,61,3
2020-03-22,Laurens,61,0
2020-03-22,Oconee,61,0
2020-03-22,Pickens,61,1
2020-03-22,Spartanburg,61,2
2020-03-22,Union,61,0
2020-03-23,Abbeville,62,1
2020-03-23,Anderson,62,15
2020-03-23,Cherokee,62,0
2020-03-23,Greenville,62,31
2020-03-23,Greenwood,62,2
2020-03-23,Laurens,62,0
2020-03-23,Oconee,62,2
2020-03-23,Pickens,62,1
2020-03-23,Spartanburg,62,3
2020-03-23,Union,62,0
2020-03-24,Abbeville,63,1
2020-03-24,Anderson,63,16
2020-03-24,Cherokee,63,0
2020-03-24,Greenville,63,39
2020-03-24,Greenwood,63,2
2020-03-24,Laurens,63,0
2020-03-24,Oconee,63,2
2020-03-24,Pickens,63,1
2020-03-24,Spartanburg,63,4
2020-03-24,Union,63,0
2020-03-25,Abbeville,64,3
2020-03-25,Anderson,64,19
2020-03-25,Cherokee,64,0
2020-03-25,Greenville,64,50
2020-03-25,Greenwood,64,2
2020-03-25,Laurens,64,0
2020-03-25,Oconee,64,2
2020-03-25,Pickens,64,6
2020-03-25,Spartanburg,64,9
2020-03-25,Union,64,1
2020-03-26,Abbeville,65,3
2020-03-26,Anderson,65,19
2020-03-26,Cherokee,65,0
2020-03-26,Greenville,65,50
2020-03-26,Greenwood,65,2
2020-03-26,Laurens,65,0
2020-03-26,Oconee,65,2
2020-03-26,Pickens,65,6
2020-03-26,Spartanburg,65,9
2020-03-26,Union,65,1
2020-03-27,Abbeville,66,4
2020-03-27,Anderson,66,21
2020-03-27,Cherokee,66,0
2020-03-27,Greenville,66,51
2020-03-27,Greenwood,66,2
2020-03-27,Laurens,66,0
2020-03-27,Oconee,66,3
2020-03-27,Pickens,66,7
2020-03-27,Spartanburg,66,16
2020-03-27,Union,66,1
2020-03-28,Abbeville,67,3
2020-03-28,Anderson,67,24
2020-03-28,Cherokee,67,0
2020-03-28,Greenville,67,57
2020-03-28,Greenwood,67,3
2020-03-28,Laurens,67,2
2020-03-28,Oconee,67,3
2020-03-28,Pickens,67,10
2020-03-28,Spartanburg,67,21
2020-03-28,Union,67,1
2020-03-29,Abbeville,68,3
2020-03-29,Anderson,68,29
2020-03-29,Cherokee,68,0
2020-03-29,Greenville,68,71
2020-03-29,Greenwood,68,3
2020-03-29,Laurens,68,3
2020-03-29,Oconee,68,4
2020-03-29,Pickens,68,11
2020-03-29,Spartanburg,68,25
2020-03-29,Union,68,1
2020-03-30,Abbeville,69,3
2020-03-30,Anderson,69,31
2020-03-30,Cherokee,69,0
2020-03-30,Greenville,69,88
2020-03-30,Greenwood,69,3
2020-03-30,Laurens,69,3
2020-03-30,Oconee,69,4
2020-03-30,Pickens,69,13
2020-03-30,Spartanburg,69,30
2020-03-30,Union,69,3
2020-03-31,Abbeville,70,4
2020-03-31,Anderson,70,39
2020-03-31,Cherokee,70,0
2020-03-31,Greenville,70,106
2020-03-31,Greenwood,70,5
2020-03-31,Laurens,70,3
2020-03-31,Oconee,70,5
2020-03-31,Pickens,70,14
2020-03-31,Spartanburg,70,37
2020-03-31,Union,70,3
2020-04-01,Abbeville,71,4
2020-04-01,Anderson,71,47
2020-04-01,Cherokee,71,0
2020-04-01,Greenville,71,129
2020-04-01,Greenwood,71,6
2020-04-01,Laurens,71,4
2020-04-01,Oconee,71,5
2020-04-01,Pickens,71,14
2020-04-01,Spartanburg,71,45
2020-04-01,Union,71,3
2020-04-02,Abbeville,72,6
2020-04-02,Anderson,72,57
2020-04-02,Cherokee,72,1
2020-04-02,Greenville,72,154
2020-04-02,Greenwood,72,8
2020-04-02,Laurens,72,4
2020-04-02,Oconee,72,5
2020-04-02,Pickens,72,15
2020-04-02,Spartanburg,72,50
2020-04-02,Union,72,5
2020-04-03,Abbeville,73,6
2020-04-03,Anderson,73,62
2020-04-03,Cherokee,73,1
2020-04-03,Greenville,73,174
2020-04-03,Greenwood,73,9
2020-04-03,Laurens,73,6
2020-04-03,Oconee,73,5
2020-04-03,Pickens,73,17
2020-04-03,Spartanburg,73,60
2020-04-03,Union,73,6
2020-04-04,Abbeville,74,6
2020-04-04,Anderson,74,68
2020-04-04,Cherokee,74,2
2020-04-04,Greenville,74,183
2020-04-04,Greenwood,74,10
2020-04-04,Laurens,74,6
2020-04-04,Oconee,74,8
2020-04-04,Pickens,74,17
2020-04-04,Spartanburg,74,72
2020-04-04,Union,74,9
2020-04-05,Abbeville,75,6
2020-04-05,Anderson,75,69
2020-04-05,Cherokee,75,2
2020-04-05,Greenville,75,186
2020-04-05,Greenwood,75,10
2020-04-05,Laurens,75,6
2020-04-05,Oconee,75,8
2020-04-05,Pickens,75,18
2020-04-05,Spartanburg,75,75
2020-04-05,Union,75,11
2020-04-06,Abbeville,76,6
2020-04-06,Anderson,76,72
2020-04-06,Cherokee,76,4
2020-04-06,Greenville,76,204
2020-04-06,Greenwood,76,11
2020-04-06,Laurens,76,6
2020-04-06,Oconee,76,8
2020-04-06,Pickens,76,20
2020-04-06,Spartanburg,76,88
2020-04-06,Union,76,12
2020-04-07,Abbeville,77,5
2020-04-07,Anderson,77,75
2020-04-07,Cherokee,77,4
2020-04-07,Greenville,77,214
2020-04-07,Greenwood,77,12
2020-04-07,Laurens,77,6
2020-04-07,Oconee,77,9
2020-04-07,Pickens,77,21
2020-04-07,Spartanburg,77,120
2020-04-07,Union,77,15
2020-04-08,Abbeville,78,5
2020-04-08,Anderson,78,75
2020-04-08,Cherokee,78,4
2020-04-08,Greenville,78,214
2020-04-08,Greenwood,78,12
2020-04-08,Laurens,78,6
2020-04-08,Oconee,78,9
2020-04-08,Pickens,78,21
2020-04-08,Spartanburg,78,120
2020-04-08,Union,78,15
2020-04-09,Abbeville,79,7
2020-04-09,Anderson,79,96
2020-04-09,Cherokee,79,5
2020-04-09,Greenville,79,254
2020-04-09,Greenwood,79,15
2020-04-09,Laurens,79,9
2020-04-09,Oconee,79,12
2020-04-09,Pickens,79,22
2020-04-09,Spartanburg,79,139
2020-04-09,Union,79,19
2020-04-10,Abbeville,80,7
2020-04-10,Anderson,80,100
2020-04-10,Cherokee,80,8
2020-04-10,Greenville,80,308
2020-04-10,Greenwood,80,16
2020-04-10,Laurens,80,11
2020-04-10,Oconee,80,12
2020-04-10,Pickens,80,27
2020-04-10,Spartanburg,80,150
2020-04-10,Union,80,20
2020-04-11,Abbeville,81,9
2020-04-11,Anderson,81,102
2020-04-11,Cherokee,81,8
2020-04-11,Greenville,81,325
2020-04-11,Greenwood,81,17
2020-04-11,Laurens,81,13
2020-04-11,Oconee,81,13
2020-04-11,Pickens,81,28
2020-04-11,Spartanburg,81,170
2020-04-11,Union,81,22
2020-04-12,Abbeville,82,9
2020-04-12,Anderson,82,106
2020-04-12,Cherokee,82,8
2020-04-12,Greenville,82,339
2020-04-12,Greenwood,82,17
2020-04-12,Laurens,82,14
2020-04-12,Oconee,82,14
2020-04-12,Pickens,82,28
2020-04-12,Spartanburg,82,174
2020-04-12,Union,82,22
2020-04-13,Abbeville,83,9
2020-04-13,Anderson,83,109
2020-04-13,Cherokee,83,8
2020-04-13,Greenville,83,346
2020-04-13,Greenwood,83,18
2020-04-13,Laurens,83,14
2020-04-13,Oconee,83,14
2020-04-13,Pickens,83,28
2020-04-13,Spartanburg,83,174
2020-04-13,Union,83,22
2020-04-14,Abbeville,84,9
2020-04-14,Anderson,84,111
2020-04-14,Cherokee,84,8
2020-04-14,Greenville,84,373
2020-04-14,Greenwood,84,18
2020-04-14,Laurens,84,14
2020-04-14,Oconee,84,14
2020-04-14,Pickens,84,34
2020-04-14,Spartanburg,84,190
2020-04-14,Union,84,23
2020-04-15,Abbeville,85,10
2020-04-15,Anderson,85,114
2020-04-15,Cherokee,85,8
2020-04-15,Greenville,85,400
2020-04-15,Greenwood,85,19
2020-04-15,Laurens,85,14
2020-04-15,Oconee,85,14
2020-04-15,Pickens,85,34
2020-04-15,Spartanburg,85,191
2020-04-15,Union,85,23
2020-04-16,Abbeville,86,10
2020-04-16,Anderson,86,119
2020-04-16,Cherokee,86,12
2020-04-16,Greenville,86,436
2020-04-16,Greenwood,86,31
2020-04-16,Laurens,86,18
2020-04-16,Oconee,86,14
2020-04-16,Pickens,86,37
2020-04-16,Spartanburg,86,199
2020-04-16,Union,86,23
2020-04-17,Abbeville,87,10
2020-04-17,Anderson,87,127
2020-04-17,Cherokee,87,13
2020-04-17,Greenville,87,447
2020-04-17,Greenwood,87,32
2020-04-17,Laurens,87,19
2020-04-17,Oconee,87,14
2020-04-17,Pickens,87,36
2020-04-17,Spartanburg,87,204
2020-04-17,Union,87,23
2020-04-18,Abbeville,88,15
2020-04-18,Anderson,88,133
2020-04-18,Cherokee,88,13
2020-04-18,Greenville,88,486
2020-04-18,Greenwood,88,34
2020-04-18,Laurens,88,19
2020-04-18,Oconee,88,16
2020-04-18,Pickens,88,38
2020-04-18,Spartanburg,88,211
2020-04-18,Union,88,23
2020-04-19,Abbeville,89,17
2020-04-19,Anderson,89,132
2020-04-19,Cherokee,89,13
2020-04-19,Greenville,89,492
2020-04-19,Greenwood,89,36
2020-04-19,Laurens,89,20
2020-04-19,Oconee,89,17
2020-04-19,Pickens,89,39
2020-04-19,Spartanburg,89,213
2020-04-19,Union,89,24
2020-04-20,Abbeville,90,17
2020-04-20,Anderson,90,134
2020-04-20,Cherokee,90,14
2020-04-20,Greenville,90,498
2020-04-20,Greenwood,90,37
2020-04-20,Laurens,90,20
2020-04-20,Oconee,90,17
2020-04-20,Pickens,90,39
2020-04-20,Spartanburg,90,219
2020-04-20,Union,90,24
2020-04-21,Abbeville,91,17
2020-04-21,Anderson,91,134
2020-04-21,Cherokee,91,14
2020-04-21,Greenville,91,498
2020-04-21,Greenwood,91,37
2020-04-21,Laurens,91,20
2020-04-21,Oconee,91,17
2020-04-21,Pickens,91,38
2020-04-21,Spartanburg,91,219
2020-04-21,Union,91,24
2020-04-22,Abbeville,92,22
2020-04-22,Anderson,92,135
2020-04-22,Cherokee,92,14
2020-04-22,Greenville,92,536
2020-04-22,Greenwood,92,41
2020-04-22,Laurens,92,21
2020-04-22,Oconee,92,19
2020-04-22,Pickens,92,41
2020-04-22,Spartanburg,92,227
2020-04-22,Union,92,24
2020-04-23,Abbeville,93,23
2020-04-23,Anderson,93,137
2020-04-23,Cherokee,93,13
2020-04-23,Greenville,93,558
2020-04-23,Greenwood,93,41
2020-04-23,Laurens,93,21
2020-04-23,Oconee,93,20
2020-04-23,Pickens,93,44
2020-04-23,Spartanburg,93,237
2020-04-23,Union,93,24
2020-04-24,Abbeville,94,24
2020-04-24,Anderson,94,140
2020-04-24,Cherokee,94,13
2020-04-24,Greenville,94,557
2020-04-24,Greenwood,94,42
2020-04-24,Laurens,94,21
2020-04-24,Oconee,94,20
2020-04-24,Pickens,94,44
2020-04-24,Spartanburg,94,238
2020-04-24,Union,94,25
2020-04-25,Abbeville,95,24
2020-04-25,Anderson,95,138
2020-04-25,Cherokee,95,14
2020-04-25,Greenville,95,564
2020-04-25,Greenwood,95,43
2020-04-25,Laurens,95,22
2020-04-25,Oconee,95,20
2020-04-25,Pickens,95,44
2020-04-25,Spartanburg,95,243
2020-04-25,Union,95,25
2020-04-26,Abbeville,96,27
2020-04-26,Anderson,96,145
2020-04-26,Cherokee,96,14
2020-04-26,Greenville,96,609
2020-04-26,Greenwood,96,44
2020-04-26,Laurens,96,29
2020-04-26,Oconee,96,22
2020-04-26,Pickens,96,49
2020-04-26,Spartanburg,96,249
2020-04-26,Union,96,25
2020-04-27,Abbeville,97,29
2020-04-27,Anderson,97,149
2020-04-27,Cherokee,97,15
2020-04-27,Greenville,97,649
2020-04-27,Greenwood,97,45
2020-04-27,Laurens,97,35
2020-04-27,Oconee,97,24
2020-04-27,Pickens,97,53
2020-04-27,Spartanburg,97,255
2020-04-27,Union,97,25
2020-04-28,Abbeville,98,29
2020-04-28,Anderson,98,152
2020-04-28,Cherokee,98,15
2020-04-28,Greenville,98,661
2020-04-28,Greenwood,98,46
2020-04-28,Laurens,98,38
2020-04-28,Oconee,98,24
2020-04-28,Pickens,98,54
2020-04-28,Spartanburg,98,258
2020-04-28,Union,98,25
2020-04-29,Abbeville,99,29
2020-04-29,Anderson,99,157
2020-04-29,Cherokee,99,15
2020-04-29,Greenville,99,689
2020-04-29,Greenwood,99,46
2020-04-29,Laurens,99,38
2020-04-29,Oconee,99,24
2020-04-29,Pickens,99,54
2020-04-29,Spartanburg,99,262
2020-04-29,Union,99,25
2020-04-30,Abbeville,100,31
2020-04-30,Anderson,100,160
2020-04-30,Cherokee,100,17
2020-04-30,Greenville,100,722
2020-04-30,Greenwood,100,49
2020-04-30,Laurens,100,39
2020-04-30,Oconee,100,24
2020-04-30,Pickens,100,54
2020-04-30,Spartanburg,100,287
2020-04-30,Union,100,26
2020-05-01,Abbeville,101,31
2020-05-01,Anderson,101,164
2020-05-01,Cherokee,101,17
2020-05-01,Greenville,101,730
2020-05-01,Greenwood,101,49
2020-05-01,Laurens,101,40
2020-05-01,Oconee,101,24
2020-05-01,Pickens,101,57
2020-05-01,Spartanburg,101,295
2020-05-01,Union,101,26
2020-05-02,Abbeville,102,31
2020-05-02,Anderson,102,169
2020-05-02,Cherokee,102,17
2020-05-02,Greenville,102,749
2020-05-02,Greenwood,102,53
2020-05-02,Laurens,102,40
2020-05-02,Oconee,102,25
2020-05-02,Pickens,102,58
2020-05-02,Spartanburg,102,302
2020-05-02,Union,102,26
2020-05-03,Abbeville,103,33
2020-05-03,Anderson,103,171
2020-05-03,Cherokee,103,17
2020-05-03,Greenville,103,757
2020-05-03,Greenwood,103,55
2020-05-03,Laurens,103,40
2020-05-03,Oconee,103,26
2020-05-03,Pickens,103,58
2020-05-03,Spartanburg,103,308
2020-05-03,Union,103,26
2020-05-04,Abbeville,104,33
2020-05-04,Anderson,104,171
2020-05-04,Cherokee,104,18
2020-05-04,Greenville,104,788
2020-05-04,Greenwood,104,55
2020-05-04,Laurens,104,41
2020-05-04,Oconee,104,27
2020-05-04,Pickens,104,59
2020-05-04,Spartanburg,104,315
2020-05-04,Union,104,26
2020-05-05,Abbeville,105,33
2020-05-05,Anderson,105,172
2020-05-05,Cherokee,105,18
2020-05-05,Greenville,105,796
2020-05-05,Greenwood,105,57
2020-05-05,Laurens,105,42
2020-05-05,Oconee,105,29
2020-05-05,Pickens,105,61
2020-05-05,Spartanburg,105,317
2020-05-05,Union,105,26
2020-05-06,Abbeville,106,33
2020-05-06,Anderson,106,173
2020-05-06,Cherokee,106,19
2020-05-06,Greenville,106,803
2020-05-06,Greenwood,106,61
2020-05-06,Laurens,106,42
2020-05-06,Oconee,106,31
2020-05-06,Pickens,106,61
2020-05-06,Spartanburg,106,318
2020-05-06,Union,106,26
2020-05-07,Abbeville,107,34
2020-05-07,Anderson,107,182
2020-05-07,Cherokee,107,21
2020-05-07,Greenville,107,835
2020-05-07,Greenwood,107,61
2020-05-07,Laurens,107,44
2020-05-07,Oconee,107,32
2020-05-07,Pickens,107,62
2020-05-07,Spartanburg,107,325
2020-05-07,Union,107,27
2020-05-08,Abbeville,108,34
2020-05-08,Anderson,108,181
2020-05-08,Cherokee,108,21
2020-05-08,Greenville,108,869
2020-05-08,Greenwood,108,62
2020-05-08,Laurens,108,46
2020-05-08,Oconee,108,36
2020-05-08,Pickens,108,63
2020-05-08,Spartanburg,108,333
2020-05-08,Union,108,29
2020-05-09,Abbeville,109,34
2020-05-09,Anderson,109,184
2020-05-09,Cherokee,109,22
2020-05-09,Greenville,109,912
2020-05-09,Greenwood,109,62
2020-05-09,Laurens,109,46
2020-05-09,Oconee,109,37
2020-05-09,Pickens,109,68
2020-05-09,Spartanburg,109,336
2020-05-09,Union,109,30
2020-05-10,Abbeville,110,34
2020-05-10,Anderson,110,185
2020-05-10,Cherokee,110,22
2020-05-10,Greenville,110,933
2020-05-10,Greenwood,110,62
2020-05-10,Laurens,110,47
2020-05-10,Oconee,110,37
2020-05-10,Pickens,110,73
2020-05-10,Spartanburg,110,343
2020-05-10,Union,110,30
2020-05-11,Abbeville,111,34
2020-05-11,Anderson,111,186
2020-05-11,Cherokee,111,22
2020-05-11,Greenville,111,946
2020-05-11,Greenwood,111,63
2020-05-11,Laurens,111,48
2020-05-11,Oconee,111,37
2020-05-11,Pickens,111,73
2020-05-11,Spartanburg,111,346
2020-05-11,Union,111,31
2020-05-12,Abbeville,112,34
2020-05-12,Anderson,112,188
2020-05-12,Cherokee,112,22
2020-05-12,Greenville,112,971
2020-05-12,Greenwood,112,63
2020-05-12,Laurens,112,47
2020-05-12,Oconee,112,39
2020-05-12,Pickens,112,77
2020-05-12,Spartanburg,112,351
2020-05-12,Union,112,31
2020-05-13,Abbeville,113,34
2020-05-13,Anderson,113,191
2020-05-13,Cherokee,113,22
2020-05-13,Greenville,113,981
2020-05-13,Greenwood,113,67
2020-05-13,Laurens,113,47
2020-05-13,Oconee,113,39
2020-05-13,Pickens,113,85
2020-05-13,Spartanburg,113,354
2020-05-13,Union,113,31
2020-05-14,Abbeville,114,34
2020-05-14,Anderson,114,201
2020-05-14,Cherokee,114,22
2020-05-14,Greenville,114,996
2020-05-14,Greenwood,114,68
2020-05-14,Laurens,114,50
2020-05-14,Oconee,114,41
2020-05-14,Pickens,114,87
2020-05-14,Spartanburg,114,358
2020-05-14,Union,114,31
2020-05-15,Abbeville,115,34
2020-05-15,Anderson,115,202
2020-05-15,Cherokee,115,23
2020-05-15,Greenville,115,1021
2020-05-15,Greenwood,115,69
2020-05-15,Laurens,115,57
2020-05-15,Oconee,115,42
2020-05-15,Pickens,115,89
2020-05-15,Spartanburg,115,376
2020-05-15,Union,115,31
2020-05-16,Abbeville,116,34
2020-05-16,Anderson,116,206
2020-05-16,Cherokee,116,23
2020-05-16,Greenville,116,1058
2020-05-16,Greenwood,116,69
2020-05-16,Laurens,116,57
2020-05-16,Oconee,116,41
2020-05-16,Pickens,116,91
2020-05-16,Spartanburg,116,383
2020-05-16,Union,116,31
2020-05-17,Abbeville,117,35
2020-05-17,Anderson,117,207
2020-05-17,Cherokee,117,23
2020-05-17,Greenville,117,1095
2020-05-17,Greenwood,117,69
2020-05-17,Laurens,117,57
2020-05-17,Oconee,117,41
2020-05-17,Pickens,117,93
2020-05-17,Spartanburg,117,399
2020-05-17,Union,117,31
2020-05-18,Abbeville,118,35
2020-05-18,Anderson,118,206
2020-05-18,Cherokee,118,24
2020-05-18,Greenville,118,1116
2020-05-18,Greenwood,118,71
2020-05-18,Laurens,118,57
2020-05-18,Oconee,118,41
2020-05-18,Pickens,118,93
2020-05-18,Spartanburg,118,407
2020-05-18,Union,118,31
2020-05-19,Abbeville,119,36
2020-05-19,Anderson,119,211
2020-05-19,Cherokee,119,25
2020-05-19,Greenville,119,1145
2020-05-19,Greenwood,119,72
2020-05-19,Laurens,119,57
2020-05-19,Oconee,119,41
2020-05-19,Pickens,119,94
2020-05-19,Spartanburg,119,411
2020-05-19,Union,119,31
2020-05-20,Abbeville,120,36
2020-05-20,Anderson,120,213
2020-05-20,Cherokee,120,25
2020-05-20,Greenville,120,1155
2020-05-20,Greenwood,120,72
2020-05-20,Laurens,120,57
2020-05-20,Oconee,120,41
2020-05-20,Pickens,120,97
2020-05-20,Spartanburg,120,415
2020-05-20,Union,120,31
2020-05-21,Abbeville,121,36
2020-05-21,Anderson,121,217
2020-05-21,Cherokee,121,25
2020-05-21,Greenville,121,1180
2020-05-21,Greenwood,121,76
2020-05-21,Laurens,121,57
2020-05-21,Oconee,121,41
2020-05-21,Pickens,121,104
2020-05-21,Spartanburg,121,421
2020-05-21,Union,121,31
2020-05-22,Abbeville,122,36
2020-05-22,Anderson,122,219
2020-05-22,Cherokee,122,26
2020-05-22,Greenville,122,1200
2020-05-22,Greenwood,122,79
2020-05-22,Laurens,122,57
2020-05-22,Oconee,122,42
2020-05-22,Pickens,122,110
2020-05-22,Spartanburg,122,439
2020-05-22,Union,122,31
