date,time,location,count,growth
2020-01-23,2,China,643,95
2020-01-24,3,China,920,277
2020-01-25,4,China,1406,486
2020-01-26,5,China,2075,669
2020-01-27,6,China,2877,802
2020-01-28,7,China,5509,2632
2020-01-29,8,China,6087,578
2020-01-30,9,China,8141,2054
2020-01-31,10,China,9802,1661
2020-02-01,11,China,11891,2089
2020-02-02,12,China,16630,4739
2020-02-03,13,China,19716,3086
2020-02-04,14,China,23707,3991
2020-02-05,15,China,27440,3733
2020-02-06,16,China,30587,3147
2020-02-07,17,China,34110,3523
2020-02-08,18,China,36814,2704
2020-02-09,19,China,39829,3015
2020-02-10,20,China,42354,2525
2020-02-11,21,China,44386,2032
2020-02-12,22,China,44759,373
2020-02-13,23,China,59895,15136
2020-02-14,24,China,66358,6463
2020-02-15,25,China,68413,2055
2020-02-16,26,China,70513,2100
2020-02-17,27,China,72434,1921
2020-02-18,28,China,74211,1777
2020-02-19,29,China,74619,408
2020-02-20,30,China,75077,458
2020-02-21,31,China,75550,473
2020-02-22,32,China,77001,1451
2020-02-23,33,China,77022,21
2020-02-24,34,China,77241,219
2020-02-25,35,China,77754,513
2020-02-26,36,China,78166,412
2020-02-27,37,China,78600,434
2020-02-28,38,China,78928,328
2020-02-29,39,China,79356,428
2020-03-01,40,China,79932,576
2020-03-02,41,China,80136,204
2020-03-03,42,China,80261,125
2020-03-04,43,China,80386,125
2020-03-05,44,China,80537,151
2020-03-06,45,China,80690,153
2020-03-07,46,China,80770,80
2020-03-08,47,China,80823,53
2020-03-09,48,China,80860,37
2020-03-10,49,China,80887,27
2020-03-11,50,China,80921,34
2020-03-12,51,China,80932,11
2020-03-13,52,China,80945,13
2020-03-14,53,China,80977,32
2020-03-15,54,China,81003,26
2020-03-16,55,China,81033,30
2020-03-17,56,China,81058,25
2020-03-18,57,China,81102,44
2020-03-19,58,China,81156,54
2020-03-20,59,China,81250,94
2020-03-21,60,China,81305,55
2020-03-22,61,China,81435,130
2020-03-23,62,China,81498,63
2020-03-24,63,China,81591,93
2020-03-25,64,China,81661,70
2020-03-26,65,China,81782,121
2020-03-27,66,China,81897,115
2020-03-28,67,China,81999,102
2020-03-29,68,China,82122,123
2020-03-30,69,China,82198,76
2020-03-31,70,China,82279,81
2020-04-01,71,China,82361,82
2020-04-02,72,China,82432,71
2020-04-03,73,China,82511,79
2020-04-04,74,China,82543,32
2020-04-05,75,China,82602,59
2020-04-06,76,China,82665,63
2020-04-07,77,China,82718,53
2020-04-08,78,China,82809,91
2020-04-09,79,China,82883,74
2020-04-10,80,China,82941,58
2020-04-11,81,China,83014,73
2020-04-12,82,China,83134,120
2020-04-13,83,China,83213,79
2020-04-14,84,China,83306,93
2020-04-15,85,China,83356,50
2020-04-16,86,China,83403,47
2020-04-17,87,China,83760,357
2020-04-18,88,China,83787,27
2020-04-19,89,China,83805,18
2020-04-20,90,China,83817,12
2020-04-21,91,China,83853,36
2020-04-22,92,China,83868,15
2020-04-23,93,China,83884,16
2020-04-24,94,China,83899,15
2020-04-25,95,China,83909,10
2020-04-26,96,China,83912,3
2020-04-27,97,China,83918,6
2020-04-28,98,China,83940,22
2020-04-29,99,China,83944,4
2020-04-30,100,China,83956,12
2020-05-01,101,China,83959,3
2020-05-02,102,China,83959,0
2020-05-03,103,China,83964,5
2020-05-04,104,China,83966,2
2020-05-05,105,China,83968,2
2020-05-06,106,China,83970,2
2020-05-07,107,China,83975,5
2020-05-08,108,China,83976,1
2020-05-09,109,China,83990,14
2020-05-10,110,China,84010,20
2020-05-11,111,China,84011,1
2020-05-12,112,China,84018,7
2020-05-13,113,China,84024,6
2020-05-14,114,China,84029,5
2020-05-15,115,China,84038,9
2020-05-16,116,China,84044,6
2020-05-17,117,China,84054,10
2020-05-18,118,China,84063,9
2020-05-19,119,China,84063,0
2020-05-20,120,China,84063,0
2020-05-21,121,China,84063,0
2020-05-22,122,China,84081,18
2020-05-23,123,China,84084,3
2020-05-24,124,China,84095,11
2020-05-25,125,China,84102,7
2020-05-26,126,China,84103,1
2020-05-27,127,China,84106,3
2020-05-28,128,China,84106,0
2020-05-29,129,China,84123,17
2020-05-30,130,China,84128,5
2020-05-31,131,China,84146,18
2020-06-01,132,China,84154,8
2020-06-02,133,China,84161,7
2020-06-03,134,China,84160,-1
2020-06-04,135,China,84171,11
2020-06-05,136,China,84177,6
2020-06-06,137,China,84186,9
2020-06-07,138,China,84191,5
2020-06-08,139,China,84195,4
2020-06-09,140,China,84198,3
2020-06-10,141,China,84209,11
2020-06-11,142,China,84216,7
2020-06-12,143,China,84228,12
2020-06-13,144,China,84286,58
2020-06-14,145,China,84335,49
2020-06-15,146,China,84378,43
2020-06-16,147,China,84422,44
2020-06-17,148,China,84458,36
2020-06-18,149,China,84494,36
2020-06-19,150,China,84494,0
2020-06-20,151,China,84553,59
2020-06-21,152,China,84572,19
2020-06-22,153,China,84624,52
2020-06-23,154,China,84653,29
2020-06-24,155,China,84673,20
2020-06-25,156,China,84701,28
2020-06-26,157,China,84725,24
2020-06-27,158,China,84743,18
2020-06-28,159,China,84757,14
2020-06-29,160,China,84780,23
2020-06-30,161,China,84785,5
2020-07-01,162,China,84816,31
2020-07-02,163,China,84830,14
2020-07-03,164,China,84838,8
2020-07-04,165,China,84857,19
2020-07-05,166,China,84871,14
2020-07-06,167,China,84889,18
2020-07-07,168,China,84917,28
2020-07-08,169,China,84950,33
2020-07-09,170,China,84992,42
2020-07-10,171,China,84992,0
2020-07-11,172,China,85071,79
2020-07-12,173,China,85117,46
2020-07-13,174,China,85117,0
2020-07-14,175,China,85226,109
2020-07-15,176,China,85246,20
2020-07-16,177,China,85327,81
2020-07-17,178,China,85402,75
2020-07-18,179,China,85418,16
2020-07-19,180,China,85503,85
2020-07-20,181,China,85622,119
2020-07-21,182,China,85708,86
2020-07-22,183,China,85906,198
2020-07-23,184,China,86045,139
2020-07-24,185,China,86202,157
2020-07-25,186,China,86381,179
2020-07-26,187,China,86570,189
2020-07-27,188,China,86783,213
2020-07-28,189,China,86990,207
2020-07-29,190,China,87213,223
2020-07-30,191,China,87489,276
2020-07-31,192,China,87655,166
2020-08-01,193,China,87827,172
2020-08-02,194,China,87985,158
2020-08-03,195,China,88099,114
2020-08-04,196,China,88206,107
2020-08-05,197,China,88328,122
2020-08-06,198,China,88460,132
2020-08-07,199,China,88580,120
2020-08-08,200,China,88672,92
2020-08-09,201,China,88793,121
2020-08-10,202,China,88906,113
2020-08-11,203,China,88958,52
2020-08-12,204,China,89045,87
2020-08-13,205,China,89144,99
2020-08-14,206,China,89214,70
2020-08-15,207,China,89279,65
2020-08-16,208,China,89375,96
2020-08-17,209,China,89441,66
2020-08-18,210,China,89494,53
2020-08-19,211,China,89527,33
2020-08-20,212,China,89567,40
2020-08-21,213,China,89616,49
2020-08-22,214,China,89654,38
2020-08-23,215,China,89695,41
2020-08-24,216,China,89718,23
2020-08-25,217,China,89752,34
2020-08-26,218,China,89784,32
2020-08-27,219,China,89814,30
2020-08-28,220,China,89836,22
2020-08-29,221,China,89863,27
2020-08-30,222,China,89895,32
2020-08-31,223,China,89914,19
2020-09-01,224,China,89933,19
2020-09-02,225,China,89953,20
2020-09-03,226,China,89986,33
2020-09-04,227,China,90008,22
2020-09-05,228,China,90025,17
2020-09-06,229,China,90058,33
2020-09-07,230,China,90078,20
2020-09-08,231,China,90087,9
2020-09-09,232,China,90100,13
2020-09-10,233,China,90127,27
2020-09-11,234,China,90145,18
2020-09-12,235,China,90168,23
2020-09-13,236,China,90197,29
2020-09-14,237,China,90219,22
2020-09-15,238,China,90235,16
2020-09-16,239,China,90253,18
2020-09-17,240,China,90294,41
2020-09-18,241,China,90311,17
2020-09-19,242,China,90334,23
2020-09-20,243,China,90369,35
2020-09-21,244,China,90381,12
2020-09-22,245,China,90399,18
2020-09-23,246,China,90409,10
2020-09-24,247,China,90424,15
2020-09-25,248,China,90441,17
2020-09-26,249,China,90456,15
2020-09-27,250,China,90483,27
2020-09-28,251,China,90505,22
2020-09-29,252,China,90528,23
2020-09-30,253,China,90545,17
2020-10-01,254,China,90567,22
2020-10-02,255,China,90584,17
2020-10-03,256,China,90604,20
2020-10-04,257,China,90629,25
2020-10-05,258,China,90652,23
2020-10-06,259,China,90667,15
2020-01-23,2,India,0.1,0
2020-01-24,3,India,0.1,0
2020-01-25,4,India,0.1,0
2020-01-26,5,India,0.1,0
2020-01-27,6,India,0.1,0
2020-01-28,7,India,0.1,0
2020-01-29,8,India,0.1,0
2020-01-30,9,India,1,1
2020-01-31,10,India,1,0
2020-02-01,11,India,1,0
2020-02-02,12,India,2,1
2020-02-03,13,India,3,1
2020-02-04,14,India,3,0
2020-02-05,15,India,3,0
2020-02-06,16,India,3,0
2020-02-07,17,India,3,0
2020-02-08,18,India,3,0
2020-02-09,19,India,3,0
2020-02-10,20,India,3,0
2020-02-11,21,India,3,0
2020-02-12,22,India,3,0
2020-02-13,23,India,3,0
2020-02-14,24,India,3,0
2020-02-15,25,India,3,0
2020-02-16,26,India,3,0
2020-02-17,27,India,3,0
2020-02-18,28,India,3,0
2020-02-19,29,India,3,0
2020-02-20,30,India,3,0
2020-02-21,31,India,3,0
2020-02-22,32,India,3,0
2020-02-23,33,India,3,0
2020-02-24,34,India,3,0
2020-02-25,35,India,3,0
2020-02-26,36,India,3,0
2020-02-27,37,India,3,0
2020-02-28,38,India,3,0
2020-02-29,39,India,3,0
2020-03-01,40,India,3,0
2020-03-02,41,India,5,2
2020-03-03,42,India,5,0
2020-03-04,43,India,28,23
2020-03-05,44,India,30,2
2020-03-06,45,India,31,1
2020-03-07,46,India,34,3
2020-03-08,47,India,39,5
2020-03-09,48,India,43,4
2020-03-10,49,India,56,13
2020-03-11,50,India,62,6
2020-03-12,51,India,73,11
2020-03-13,52,India,82,9
2020-03-14,53,India,102,20
2020-03-15,54,India,113,11
2020-03-16,55,India,119,6
2020-03-17,56,India,142,23
2020-03-18,57,India,156,14
2020-03-19,58,India,194,38
2020-03-20,59,India,244,50
2020-03-21,60,India,330,86
2020-03-22,61,India,396,66
2020-03-23,62,India,499,103
2020-03-24,63,India,536,37
2020-03-25,64,India,657,121
2020-03-26,65,India,727,70
2020-03-27,66,India,887,160
2020-03-28,67,India,987,100
2020-03-29,68,India,1024,37
2020-03-30,69,India,1251,227
2020-03-31,70,India,1397,146
2020-04-01,71,India,1998,601
2020-04-02,72,India,2543,545
2020-04-03,73,India,2567,24
2020-04-04,74,India,3082,515
2020-04-05,75,India,3588,506
2020-04-06,76,India,4778,1190
2020-04-07,77,India,5311,533
2020-04-08,78,India,5916,605
2020-04-09,79,India,6725,809
2020-04-10,80,India,7598,873
2020-04-11,81,India,8446,848
2020-04-12,82,India,9205,759
2020-04-13,83,India,10453,1248
2020-04-14,84,India,11487,1034
2020-04-15,85,India,12322,835
2020-04-16,86,India,13430,1108
2020-04-17,87,India,14352,922
2020-04-18,88,India,15722,1370
2020-04-19,89,India,17615,1893
2020-04-20,90,India,18539,924
2020-04-21,91,India,20080,1541
2020-04-22,92,India,21370,1290
2020-04-23,93,India,23077,1707
2020-04-24,94,India,24530,1453
2020-04-25,95,India,26283,1753
2020-04-26,96,India,27890,1607
2020-04-27,97,India,29451,1561
2020-04-28,98,India,31324,1873
2020-04-29,99,India,33062,1738
2020-04-30,100,India,34863,1801
2020-05-01,101,India,37257,2394
2020-05-02,102,India,39699,2442
2020-05-03,103,India,42505,2806
2020-05-04,104,India,46437,3932
2020-05-05,105,India,49400,2963
2020-05-06,106,India,52987,3587
2020-05-07,107,India,56351,3364
2020-05-08,108,India,59695,3344
2020-05-09,109,India,62808,3113
2020-05-10,110,India,67161,4353
2020-05-11,111,India,70768,3607
2020-05-12,112,India,74292,3524
2020-05-13,113,India,78055,3763
2020-05-14,114,India,81997,3942
2020-05-15,115,India,85784,3787
2020-05-16,116,India,90648,4864
2020-05-17,117,India,95698,5050
2020-05-18,118,India,100328,4630
2020-05-19,119,India,106475,6147
2020-05-20,120,India,112028,5553
2020-05-21,121,India,118226,6198
2020-05-22,122,India,124794,6568
2020-05-23,123,India,131423,6629
2020-05-24,124,India,138536,7113
2020-05-25,125,India,144950,6414
2020-05-26,126,India,150793,5843
2020-05-27,127,India,158086,7293
2020-05-28,128,India,165386,7300
2020-05-29,129,India,173491,8105
2020-05-30,130,India,181827,8336
2020-05-31,131,India,190609,8782
2020-06-01,132,India,198370,7761
2020-06-02,133,India,207191,8821
2020-06-03,134,India,216824,9633
2020-06-04,135,India,226713,9889
2020-06-05,136,India,236184,9471
2020-06-06,137,India,246622,10438
2020-06-07,138,India,257486,10864
2020-06-08,139,India,265928,8442
2020-06-09,140,India,276146,10218
2020-06-10,141,India,286605,10459
2020-06-11,142,India,297535,10930
2020-06-12,143,India,308993,11458
2020-06-13,144,India,320922,11929
2020-06-14,145,India,332424,11502
2020-06-15,146,India,343091,10667
2020-06-16,147,India,354065,10974
2020-06-17,148,India,366946,12881
2020-06-18,149,India,380532,13586
2020-06-19,150,India,395048,14516
2020-06-20,151,India,410451,15403
2020-06-21,152,India,425282,14831
2020-06-22,153,India,440215,14933
2020-06-23,154,India,456183,15968
2020-06-24,155,India,473105,16922
2020-06-25,156,India,490401,17296
2020-06-26,157,India,508953,18552
2020-06-27,158,India,528859,19906
2020-06-28,159,India,548318,19459
2020-06-29,160,India,566840,18522
2020-06-30,161,India,585481,18641
2020-07-01,162,India,604641,19160
2020-07-02,163,India,625544,20903
2020-07-03,164,India,648315,22771
2020-07-04,165,India,673165,24850
2020-07-05,166,India,697413,24248
2020-07-06,167,India,719664,22251
2020-07-07,168,India,742417,22753
2020-07-08,169,India,767296,24879
2020-07-09,170,India,793802,26506
2020-07-10,171,India,820916,27114
2020-07-11,172,India,849522,28606
2020-07-12,173,India,878254,28732
2020-07-13,174,India,906752,28498
2020-07-14,175,India,936181,29429
2020-07-15,176,India,968857,32676
2020-07-16,177,India,1003832,34975
2020-07-17,178,India,1039084,35252
2020-07-18,179,India,1077781,38697
2020-07-19,180,India,1118206,40425
2020-07-20,181,India,1155338,37132
2020-07-21,182,India,1193078,37740
2020-07-22,183,India,1238798,45720
2020-07-23,184,India,1288108,49310
2020-07-24,185,India,1337024,48916
2020-07-25,186,India,1385635,48611
2020-07-26,187,India,1435616,49981
2020-07-27,188,India,1480073,44457
2020-07-28,189,India,1531669,51596
2020-07-29,190,India,1581963,50294
2020-07-30,191,India,1634746,52783
2020-07-31,192,India,1695988,61242
2020-08-01,193,India,1750723,54735
2020-08-02,194,India,1803695,52972
2020-08-03,195,India,1855745,52050
2020-08-04,196,India,1908254,52509
2020-08-05,197,India,1964536,56282
2020-08-06,198,India,2027074,62538
2020-08-07,199,India,2088611,61537
2020-08-08,200,India,2153010,64399
2020-08-09,201,India,2215074,62064
2020-08-10,202,India,2268675,53601
2020-08-11,203,India,2329638,60963
2020-08-12,204,India,2396637,66999
2020-08-13,205,India,2461190,64553
2020-08-14,206,India,2525922,64732
2020-08-15,207,India,2589952,64030
2020-08-16,208,India,2647663,57711
2020-08-17,209,India,2702681,55018
2020-08-18,210,India,2767253,64572
2020-08-19,211,India,2836925,69672
2020-08-20,212,India,2905825,68900
2020-08-21,213,India,2975701,69876
2020-08-22,214,India,3044940,69239
2020-08-23,215,India,3106348,61408
2020-08-24,216,India,3167323,60975
2020-08-25,217,India,3224547,57224
2020-08-26,218,India,3310234,85687
2020-08-27,219,India,3387500,77266
2020-08-28,220,India,3463972,76472
2020-08-29,221,India,3542733,78761
2020-08-30,222,India,3621245,78512
2020-08-31,223,India,3691166,69921
2020-09-01,224,India,3769523,78357
2020-09-02,225,India,3853406,83883
2020-09-03,226,India,3936747,83341
2020-09-04,227,India,4023179,86432
2020-09-05,228,India,4113811,90632
2020-09-06,229,India,4204613,90802
2020-09-07,230,India,4280422,75809
2020-09-08,231,India,4370128,89706
2020-09-09,232,India,4465863,95735
2020-09-10,233,India,4562414,96551
2020-09-11,234,India,4659984,97570
2020-09-12,235,India,4754356,94372
2020-09-13,236,India,4846427,92071
2020-09-14,237,India,4930236,83809
2020-09-15,238,India,5020359,90123
2020-09-16,239,India,5118253,97894
2020-09-17,240,India,5214677,96424
2020-09-18,241,India,5308014,93337
2020-09-19,242,India,5400619,92605
2020-09-20,243,India,5487580,86961
2020-09-21,244,India,5562663,75083
2020-09-22,245,India,5646010,83347
2020-09-23,246,India,5732518,86508
2020-09-24,247,India,5818570,86052
2020-09-25,248,India,5903932,85362
2020-09-26,249,India,5992532,88600
2020-09-27,250,India,6074702,82170
2020-09-28,251,India,6145291,70589
2020-09-29,252,India,6225763,80472
2020-09-30,253,India,6312584,86821
2020-10-01,254,India,6394068,81484
2020-10-02,255,India,6473544,79476
2020-10-03,256,India,6549373,75829
2020-10-04,257,India,6623815,74442
2020-10-05,258,India,6685082,61267
2020-10-06,259,India,6757131,72049
2020-01-23,2,Italy,0.1,0
2020-01-24,3,Italy,0.1,0
2020-01-25,4,Italy,0.1,0
2020-01-26,5,Italy,0.1,0
2020-01-27,6,Italy,0.1,0
2020-01-28,7,Italy,0.1,0
2020-01-29,8,Italy,0.1,0
2020-01-30,9,Italy,0.1,0
2020-01-31,10,Italy,2,2
2020-02-01,11,Italy,2,0
2020-02-02,12,Italy,2,0
2020-02-03,13,Italy,2,0
2020-02-04,14,Italy,2,0
2020-02-05,15,Italy,2,0
2020-02-06,16,Italy,2,0
2020-02-07,17,Italy,3,1
2020-02-08,18,Italy,3,0
2020-02-09,19,Italy,3,0
2020-02-10,20,Italy,3,0
2020-02-11,21,Italy,3,0
2020-02-12,22,Italy,3,0
2020-02-13,23,Italy,3,0
2020-02-14,24,Italy,3,0
2020-02-15,25,Italy,3,0
2020-02-16,26,Italy,3,0
2020-02-17,27,Italy,3,0
2020-02-18,28,Italy,3,0
2020-02-19,29,Italy,3,0
2020-02-20,30,Italy,3,0
2020-02-21,31,Italy,20,17
2020-02-22,32,Italy,62,42
2020-02-23,33,Italy,155,93
2020-02-24,34,Italy,229,74
2020-02-25,35,Italy,322,93
2020-02-26,36,Italy,453,131
2020-02-27,37,Italy,655,202
2020-02-28,38,Italy,888,233
2020-02-29,39,Italy,1128,240
2020-03-01,40,Italy,1694,566
2020-03-02,41,Italy,2036,342
2020-03-03,42,Italy,2502,466
2020-03-04,43,Italy,3089,587
2020-03-05,44,Italy,3858,769
2020-03-06,45,Italy,4636,778
2020-03-07,46,Italy,5883,1247
2020-03-08,47,Italy,7375,1492
2020-03-09,48,Italy,9172,1797
2020-03-10,49,Italy,10149,977
2020-03-11,50,Italy,12462,2313
2020-03-12,51,Italy,15113,2651
2020-03-13,52,Italy,17660,2547
2020-03-14,53,Italy,21157,3497
2020-03-15,54,Italy,24747,3590
2020-03-16,55,Italy,27980,3233
2020-03-17,56,Italy,31506,3526
2020-03-18,57,Italy,35713,4207
2020-03-19,58,Italy,41035,5322
2020-03-20,59,Italy,47021,5986
2020-03-21,60,Italy,53578,6557
2020-03-22,61,Italy,59138,5560
2020-03-23,62,Italy,63927,4789
2020-03-24,63,Italy,69176,5249
2020-03-25,64,Italy,74386,5210
2020-03-26,65,Italy,80589,6203
2020-03-27,66,Italy,86498,5909
2020-03-28,67,Italy,92472,5974
2020-03-29,68,Italy,97689,5217
2020-03-30,69,Italy,101739,4050
2020-03-31,70,Italy,105792,4053
2020-04-01,71,Italy,110574,4782
2020-04-02,72,Italy,115242,4668
2020-04-03,73,Italy,119827,4585
2020-04-04,74,Italy,124632,4805
2020-04-05,75,Italy,128948,4316
2020-04-06,76,Italy,132547,3599
2020-04-07,77,Italy,135586,3039
2020-04-08,78,Italy,139422,3836
2020-04-09,79,Italy,143626,4204
2020-04-10,80,Italy,147577,3951
2020-04-11,81,Italy,152271,4694
2020-04-12,82,Italy,156363,4092
2020-04-13,83,Italy,159516,3153
2020-04-14,84,Italy,162488,2972
2020-04-15,85,Italy,165155,2667
2020-04-16,86,Italy,168941,3786
2020-04-17,87,Italy,172434,3493
2020-04-18,88,Italy,175925,3491
2020-04-19,89,Italy,178972,3047
2020-04-20,90,Italy,181228,2256
2020-04-21,91,Italy,183957,2729
2020-04-22,92,Italy,187327,3370
2020-04-23,93,Italy,189973,2646
2020-04-24,94,Italy,192994,3021
2020-04-25,95,Italy,195351,2357
2020-04-26,96,Italy,197675,2324
2020-04-27,97,Italy,199414,1739
2020-04-28,98,Italy,201505,2091
2020-04-29,99,Italy,203591,2086
2020-04-30,100,Italy,205463,1872
2020-05-01,101,Italy,207428,1965
2020-05-02,102,Italy,209328,1900
2020-05-03,103,Italy,210717,1389
2020-05-04,104,Italy,211938,1221
2020-05-05,105,Italy,213013,1075
2020-05-06,106,Italy,214457,1444
2020-05-07,107,Italy,215858,1401
2020-05-08,108,Italy,217185,1327
2020-05-09,109,Italy,218268,1083
2020-05-10,110,Italy,219070,802
2020-05-11,111,Italy,219814,744
2020-05-12,112,Italy,221216,1402
2020-05-13,113,Italy,222104,888
2020-05-14,114,Italy,223096,992
2020-05-15,115,Italy,223885,789
2020-05-16,116,Italy,224760,875
2020-05-17,117,Italy,225435,675
2020-05-18,118,Italy,225886,451
2020-05-19,119,Italy,226699,813
2020-05-20,120,Italy,227364,665
2020-05-21,121,Italy,228006,642
2020-05-22,122,Italy,228658,652
2020-05-23,123,Italy,229327,669
2020-05-24,124,Italy,229858,531
2020-05-25,125,Italy,230158,300
2020-05-26,126,Italy,230555,397
2020-05-27,127,Italy,231139,584
2020-05-28,128,Italy,231732,593
2020-05-29,129,Italy,232248,516
2020-05-30,130,Italy,232664,416
2020-05-31,131,Italy,232997,333
2020-06-01,132,Italy,233197,200
2020-06-02,133,Italy,233515,318
2020-06-03,134,Italy,233836,321
2020-06-04,135,Italy,234013,177
2020-06-05,136,Italy,234531,518
2020-06-06,137,Italy,234801,270
2020-06-07,138,Italy,234998,197
2020-06-08,139,Italy,235278,280
2020-06-09,140,Italy,235561,283
2020-06-10,141,Italy,235763,202
2020-06-11,142,Italy,236142,379
2020-06-12,143,Italy,236305,163
2020-06-13,144,Italy,236651,346
2020-06-14,145,Italy,236989,338
2020-06-15,146,Italy,237290,301
2020-06-16,147,Italy,237500,210
2020-06-17,148,Italy,237828,328
2020-06-18,149,Italy,238159,331
2020-06-19,150,Italy,238011,-148
2020-06-20,151,Italy,238275,264
2020-06-21,152,Italy,238499,224
2020-06-22,153,Italy,238720,221
2020-06-23,154,Italy,238833,113
2020-06-24,155,Italy,239410,577
2020-06-25,156,Italy,239706,296
2020-06-26,157,Italy,239961,255
2020-06-27,158,Italy,240136,175
2020-06-28,159,Italy,240310,174
2020-06-29,160,Italy,240436,126
2020-06-30,161,Italy,240578,142
2020-07-01,162,Italy,240760,182
2020-07-02,163,Italy,240961,201
2020-07-03,164,Italy,241184,223
2020-07-04,165,Italy,241419,235
2020-07-05,166,Italy,241611,192
2020-07-06,167,Italy,241819,208
2020-07-07,168,Italy,241956,137
2020-07-08,169,Italy,242149,193
2020-07-09,170,Italy,242363,214
2020-07-10,171,Italy,242639,276
2020-07-11,172,Italy,242827,188
2020-07-12,173,Italy,243061,234
2020-07-13,174,Italy,243230,169
2020-07-14,175,Italy,243344,114
2020-07-15,176,Italy,243506,162
2020-07-16,177,Italy,243736,230
2020-07-17,178,Italy,243967,231
2020-07-18,179,Italy,244216,249
2020-07-19,180,Italy,244434,218
2020-07-20,181,Italy,244624,190
2020-07-21,182,Italy,244752,128
2020-07-22,183,Italy,245032,280
2020-07-23,184,Italy,245338,306
2020-07-24,185,Italy,245590,252
2020-07-25,186,Italy,245864,274
2020-07-26,187,Italy,246118,254
2020-07-27,188,Italy,246286,168
2020-07-28,189,Italy,246488,202
2020-07-29,190,Italy,246776,288
2020-07-30,191,Italy,247158,382
2020-07-31,192,Italy,247537,379
2020-08-01,193,Italy,247832,295
2020-08-02,194,Italy,248070,238
2020-08-03,195,Italy,248229,159
2020-08-04,196,Italy,248419,190
2020-08-05,197,Italy,248803,384
2020-08-06,198,Italy,249204,401
2020-08-07,199,Italy,249756,552
2020-08-08,200,Italy,250103,347
2020-08-09,201,Italy,250566,463
2020-08-10,202,Italy,250825,259
2020-08-11,203,Italy,251237,412
2020-08-12,204,Italy,251713,476
2020-08-13,205,Italy,252235,522
2020-08-14,206,Italy,252809,574
2020-08-15,207,Italy,253438,629
2020-08-16,208,Italy,253915,477
2020-08-17,209,Italy,254235,320
2020-08-18,210,Italy,254636,401
2020-08-19,211,Italy,255278,642
2020-08-20,212,Italy,256118,840
2020-08-21,213,Italy,257065,947
2020-08-22,214,Italy,258136,1071
2020-08-23,215,Italy,259345,1209
2020-08-24,216,Italy,260298,953
2020-08-25,217,Italy,261174,876
2020-08-26,218,Italy,262540,1366
2020-08-27,219,Italy,263949,1409
2020-08-28,220,Italy,265409,1460
2020-08-29,221,Italy,266853,1444
2020-08-30,222,Italy,268218,1365
2020-08-31,223,Italy,269214,996
2020-09-01,224,Italy,270189,975
2020-09-02,225,Italy,271515,1326
2020-09-03,226,Italy,272912,1397
2020-09-04,227,Italy,274644,1732
2020-09-05,228,Italy,276338,1694
2020-09-06,229,Italy,277634,1296
2020-09-07,230,Italy,278784,1150
2020-09-08,231,Italy,280153,1369
2020-09-09,232,Italy,281583,1430
2020-09-10,233,Italy,283180,1597
2020-09-11,234,Italy,284796,1616
2020-09-12,235,Italy,286297,1501
2020-09-13,236,Italy,287753,1456
2020-09-14,237,Italy,288761,1008
2020-09-15,238,Italy,289990,1229
2020-09-16,239,Italy,291442,1452
2020-09-17,240,Italy,293025,1583
2020-09-18,241,Italy,294932,1907
2020-09-19,242,Italy,296569,1637
2020-09-20,243,Italy,298156,1587
2020-09-21,244,Italy,299506,1350
2020-09-22,245,Italy,300897,1391
2020-09-23,246,Italy,302537,1640
2020-09-24,247,Italy,304323,1786
2020-09-25,248,Italy,306235,1912
2020-09-26,249,Italy,308104,1869
2020-09-27,250,Italy,309870,1766
2020-09-28,251,Italy,311364,1494
2020-09-29,252,Italy,313011,1647
2020-09-30,253,Italy,314861,1850
2020-10-01,254,Italy,317409,2548
2020-10-02,255,Italy,319908,2499
2020-10-03,256,Italy,322751,2843
2020-10-04,257,Italy,325329,2578
2020-10-05,258,Italy,327586,2257
2020-10-06,259,Italy,330263,2677
2020-01-23,2,NL,0.1,0
2020-01-24,3,NL,0.1,0
2020-01-25,4,NL,0.1,0
2020-01-26,5,NL,0.1,0
2020-01-27,6,NL,0.1,0
2020-01-28,7,NL,0.1,0
2020-01-29,8,NL,0.1,0
2020-01-30,9,NL,0.1,0
2020-01-31,10,NL,0.1,0
2020-02-01,11,NL,0.1,0
2020-02-02,12,NL,0.1,0
2020-02-03,13,NL,0.1,0
2020-02-04,14,NL,0.1,0
2020-02-05,15,NL,0.1,0
2020-02-06,16,NL,0.1,0
2020-02-07,17,NL,0.1,0
2020-02-08,18,NL,0.1,0
2020-02-09,19,NL,0.1,0
2020-02-10,20,NL,0.1,0
2020-02-11,21,NL,0.1,0
2020-02-12,22,NL,0.1,0
2020-02-13,23,NL,0.1,0
2020-02-14,24,NL,0.1,0
2020-02-15,25,NL,0.1,0
2020-02-16,26,NL,0.1,0
2020-02-17,27,NL,0.1,0
2020-02-18,28,NL,0.1,0
2020-02-19,29,NL,0.1,0
2020-02-20,30,NL,0.1,0
2020-02-21,31,NL,0.1,0
2020-02-22,32,NL,0.1,0
2020-02-23,33,NL,0.1,0
2020-02-24,34,NL,0.1,0
2020-02-25,35,NL,0.1,0
2020-02-26,36,NL,0.1,0
2020-02-27,37,NL,1,1
2020-02-28,38,NL,1,0
2020-02-29,39,NL,6,5
2020-03-01,40,NL,10,4
2020-03-02,41,NL,18,8
2020-03-03,42,NL,24,6
2020-03-04,43,NL,38,14
2020-03-05,44,NL,82,44
2020-03-06,45,NL,128,46
2020-03-07,46,NL,188,60
2020-03-08,47,NL,265,77
2020-03-09,48,NL,321,56
2020-03-10,49,NL,382,61
2020-03-11,50,NL,503,121
2020-03-12,51,NL,503,0
2020-03-13,52,NL,806,303
2020-03-14,53,NL,962,156
2020-03-15,54,NL,1138,176
2020-03-16,55,NL,1416,278
2020-03-17,56,NL,1711,295
2020-03-18,57,NL,2058,347
2020-03-19,58,NL,2467,409
2020-03-20,59,NL,3003,536
2020-03-21,60,NL,3640,637
2020-03-22,61,NL,4217,577
2020-03-23,62,NL,4764,547
2020-03-24,63,NL,5580,816
2020-03-25,64,NL,6438,858
2020-03-26,65,NL,7468,1030
2020-03-27,66,NL,8647,1179
2020-03-28,67,NL,9819,1172
2020-03-29,68,NL,10930,1111
2020-03-30,69,NL,11817,887
2020-03-31,70,NL,12667,850
2020-04-01,71,NL,13696,1029
2020-04-02,72,NL,14788,1092
2020-04-03,73,NL,15821,1033
2020-04-04,74,NL,16727,906
2020-04-05,75,NL,17953,1226
2020-04-06,76,NL,18926,973
2020-04-07,77,NL,19709,783
2020-04-08,78,NL,20682,973
2020-04-09,79,NL,21903,1221
2020-04-10,80,NL,23249,1346
2020-04-11,81,NL,24571,1322
2020-04-12,82,NL,25746,1175
2020-04-13,83,NL,26710,964
2020-04-14,84,NL,27580,870
2020-04-15,85,NL,28316,736
2020-04-16,86,NL,29383,1067
2020-04-17,87,NL,30619,1236
2020-04-18,88,NL,31766,1147
2020-04-19,89,NL,32838,1072
2020-04-20,90,NL,33588,750
2020-04-21,91,NL,34317,729
2020-04-22,92,NL,35032,715
2020-04-23,93,NL,35921,889
2020-04-24,94,NL,36729,808
2020-04-25,95,NL,37384,655
2020-04-26,96,NL,38040,656
2020-04-27,97,NL,38440,400
2020-04-28,98,NL,38612,172
2020-04-29,99,NL,38998,386
2020-04-30,100,NL,39512,514
2020-05-01,101,NL,39989,477
2020-05-02,102,NL,40434,445
2020-05-03,103,NL,40769,335
2020-05-04,104,NL,40968,199
2020-05-05,105,NL,41286,318
2020-05-06,106,NL,41518,232
2020-05-07,107,NL,41973,455
2020-05-08,108,NL,42292,319
2020-05-09,109,NL,42581,289
2020-05-10,110,NL,42826,245
2020-05-11,111,NL,42987,161
2020-05-12,112,NL,43183,196
2020-05-13,113,NL,43410,227
2020-05-14,114,NL,43680,270
2020-05-15,115,NL,43880,200
2020-05-16,116,NL,44070,190
2020-05-17,117,NL,44195,125
2020-05-18,118,NL,44341,146
2020-05-19,119,NL,44449,108
2020-05-20,120,NL,44647,198
2020-05-21,121,NL,44900,253
2020-05-22,122,NL,45088,188
2020-05-23,123,NL,45265,177
2020-05-24,124,NL,45437,172
2020-05-25,125,NL,45647,210
2020-05-26,126,NL,45780,133
2020-05-27,127,NL,45970,190
2020-05-28,128,NL,46152,182
2020-05-29,129,NL,46328,176
2020-05-30,130,NL,46460,132
2020-05-31,131,NL,46645,185
2020-06-01,132,NL,46749,104
2020-06-02,133,NL,46852,103
2020-06-03,134,NL,46939,87
2020-06-04,135,NL,47148,209
2020-06-05,136,NL,47358,210
2020-06-06,137,NL,47541,183
2020-06-07,138,NL,47780,239
2020-06-08,139,NL,47945,165
2020-06-09,140,NL,48109,164
2020-06-10,141,NL,48294,185
2020-06-11,142,NL,48458,164
2020-06-12,143,NL,48668,210
2020-06-13,144,NL,48847,179
2020-06-14,145,NL,48990,143
2020-06-15,146,NL,49155,165
2020-06-16,147,NL,49295,140
2020-06-17,148,NL,49412,117
2020-06-18,149,NL,49527,115
2020-06-19,150,NL,49634,107
2020-06-20,151,NL,49710,76
2020-06-21,152,NL,49801,91
2020-06-22,153,NL,49866,65
2020-06-23,154,NL,49930,64
2020-06-24,155,NL,50012,82
2020-06-25,156,NL,50122,110
2020-06-26,157,NL,50213,91
2020-06-27,158,NL,50282,69
2020-06-28,159,NL,50355,73
2020-06-29,160,NL,50433,78
2020-06-30,161,NL,50483,50
2020-07-01,162,NL,50545,62
2020-07-02,163,NL,50623,78
2020-07-03,164,NL,50698,75
2020-07-04,165,NL,50761,63
2020-07-05,166,NL,50834,73
2020-07-06,167,NL,50870,36
2020-07-07,168,NL,50907,37
2020-07-08,169,NL,50959,52
2020-07-09,170,NL,51013,54
2020-07-10,171,NL,51055,42
2020-07-11,172,NL,51136,81
2020-07-12,173,NL,51237,101
2020-07-13,174,NL,51308,71
2020-07-14,175,NL,51362,54
2020-07-15,176,NL,51471,109
2020-07-16,177,NL,51572,101
2020-07-17,178,NL,51682,110
2020-07-18,179,NL,51809,127
2020-07-19,180,NL,51955,146
2020-07-20,181,NL,52142,187
2020-07-21,182,NL,52307,165
2020-07-22,183,NL,52475,168
2020-07-23,184,NL,52640,165
2020-07-24,185,NL,52837,197
2020-07-25,186,NL,52984,147
2020-07-26,187,NL,53278,294
2020-07-27,188,NL,53424,146
2020-07-28,189,NL,53647,223
2020-07-29,190,NL,53895,248
2020-07-30,191,NL,54249,354
2020-07-31,192,NL,54590,341
2020-08-01,193,NL,55021,431
2020-08-02,194,NL,55408,387
2020-08-03,195,NL,55786,378
2020-08-04,196,NL,56279,493
2020-08-05,197,NL,56750,471
2020-08-06,198,NL,57465,715
2020-08-07,199,NL,58117,652
2020-08-08,200,NL,58717,600
2020-08-09,201,NL,59360,643
2020-08-10,202,NL,60058,698
2020-08-11,203,NL,60391,333
2020-08-12,204,NL,61718,1327
2020-08-13,205,NL,62406,688
2020-08-14,206,NL,63127,721
2020-08-15,207,NL,63889,762
2020-08-16,208,NL,64468,579
2020-08-17,209,NL,64980,512
2020-08-18,210,NL,65560,580
2020-08-19,211,NL,66218,658
2020-08-20,212,NL,66843,625
2020-08-21,213,NL,67456,613
2020-08-22,214,NL,68051,595
2020-08-23,215,NL,68570,519
2020-08-24,216,NL,69224,654
2020-08-25,217,NL,69683,459
2020-08-26,218,NL,70382,699
2020-08-27,219,NL,70984,602
2020-08-28,220,NL,71557,573
2020-08-29,221,NL,72128,571
2020-08-30,222,NL,72679,551
2020-08-31,223,NL,73232,553
2020-09-01,224,NL,73802,570
2020-09-02,225,NL,74660,858
2020-09-03,226,NL,75356,696
2020-09-04,227,NL,76173,817
2020-09-05,228,NL,76907,734
2020-09-06,229,NL,77857,950
2020-09-07,230,NL,78702,845
2020-09-08,231,NL,79792,1090
2020-09-09,232,NL,81085,1293
2020-09-10,233,NL,82016,931
2020-09-11,234,NL,83370,1354
2020-09-12,235,NL,84709,1339
2020-09-13,236,NL,85876,1167
2020-09-14,237,NL,87194,1318
2020-09-15,238,NL,88673,1479
2020-09-16,239,NL,90425,1752
2020-09-17,240,NL,92262,1837
2020-09-18,241,NL,94345,2083
2020-09-19,242,NL,96261,1916
2020-09-20,243,NL,98217,1956
2020-09-21,244,NL,100491,2274
2020-09-22,245,NL,102844,2353
2020-09-23,246,NL,105304,2460
2020-09-24,247,NL,107899,2595
2020-09-25,248,NL,110758,2859
2020-09-26,249,NL,113518,2760
2020-09-27,250,NL,116559,3041
2020-09-28,251,NL,119509,2950
2020-09-29,252,NL,122620,3111
2020-09-30,253,NL,125988,3368
2020-10-01,254,NL,129283,3295
2020-10-02,255,NL,133166,3883
2020-10-03,256,NL,137194,4028
2020-10-04,257,NL,141226,4032
2020-10-05,258,NL,141258,32
2020-10-06,259,NL,150413,9155
2020-01-23,2,USA,1,0
2020-01-24,3,USA,2,1
2020-01-25,4,USA,2,0
2020-01-26,5,USA,5,3
2020-01-27,6,USA,5,0
2020-01-28,7,USA,5,0
2020-01-29,8,USA,6,1
2020-01-30,9,USA,6,0
2020-01-31,10,USA,8,2
2020-02-01,11,USA,8,0
2020-02-02,12,USA,8,0
2020-02-03,13,USA,11,3
2020-02-04,14,USA,11,0
2020-02-05,15,USA,11,0
2020-02-06,16,USA,12,1
2020-02-07,17,USA,12,0
2020-02-08,18,USA,12,0
2020-02-09,19,USA,12,0
2020-02-10,20,USA,12,0
2020-02-11,21,USA,13,1
2020-02-12,22,USA,13,0
2020-02-13,23,USA,14,1
2020-02-14,24,USA,14,0
2020-02-15,25,USA,14,0
2020-02-16,26,USA,14,0
2020-02-17,27,USA,14,0
2020-02-18,28,USA,14,0
2020-02-19,29,USA,14,0
2020-02-20,30,USA,14,0
2020-02-21,31,USA,16,2
2020-02-22,32,USA,16,0
2020-02-23,33,USA,16,0
2020-02-24,34,USA,16,0
2020-02-25,35,USA,16,0
2020-02-26,36,USA,16,0
2020-02-27,37,USA,17,1
2020-02-28,38,USA,17,0
2020-02-29,39,USA,25,8
2020-03-01,40,USA,32,7
2020-03-02,41,USA,55,23
2020-03-03,42,USA,74,19
2020-03-04,43,USA,107,33
2020-03-05,44,USA,184,77
2020-03-06,45,USA,237,53
2020-03-07,46,USA,403,166
2020-03-08,47,USA,519,116
2020-03-09,48,USA,594,75
2020-03-10,49,USA,782,188
2020-03-11,50,USA,1147,365
2020-03-12,51,USA,1586,439
2020-03-13,52,USA,2219,633
2020-03-14,53,USA,2978,759
2020-03-15,54,USA,3212,234
2020-03-16,55,USA,4679,1467
2020-03-17,56,USA,6511,1832
2020-03-18,57,USA,9165,2654
2020-03-19,58,USA,13659,4494
2020-03-20,59,USA,20026,6367
2020-03-21,60,USA,26022,5996
2020-03-22,61,USA,34824,8802
2020-03-23,62,USA,46043,11219
2020-03-24,63,USA,56620,10577
2020-03-25,64,USA,68654,12034
2020-03-26,65,USA,86548,17894
2020-03-27,66,USA,105179,18631
2020-03-28,67,USA,124786,19607
2020-03-29,68,USA,143715,18929
2020-03-30,69,USA,165728,22013
2020-03-31,70,USA,192091,26363
2020-04-01,71,USA,217910,25819
2020-04-02,72,USA,248302,30392
2020-04-03,73,USA,280302,32000
2020-04-04,74,USA,313303,33001
2020-04-05,75,USA,341487,28184
2020-04-06,76,USA,371672,30185
2020-04-07,77,USA,403071,31399
2020-04-08,78,USA,435087,32016
2020-04-09,79,USA,469735,34648
2020-04-10,80,USA,503271,33536
2020-04-11,81,USA,532628,29357
2020-04-12,82,USA,559587,26959
2020-04-13,83,USA,585378,25791
2020-04-14,84,USA,613969,28591
2020-04-15,85,USA,643977,30008
2020-04-16,86,USA,675499,31522
2020-04-17,87,USA,708305,32806
2020-04-18,88,USA,736156,27851
2020-04-19,89,USA,761837,25681
2020-04-20,90,USA,790259,28422
2020-04-21,91,USA,816297,26038
2020-04-22,92,USA,845594,29297
2020-04-23,93,USA,879025,33431
2020-04-24,94,USA,912591,33566
2020-04-25,95,USA,944392,31801
2020-04-26,96,USA,971491,27099
2020-04-27,97,USA,994665,23174
2020-04-28,98,USA,1019339,24674
2020-04-29,99,USA,1047184,27845
2020-04-30,100,USA,1076689,29505
2020-05-01,101,USA,1110909,34220
2020-05-02,102,USA,1138911,28002
2020-05-03,103,USA,1163413,24502
2020-05-04,104,USA,1186815,23402
2020-05-05,105,USA,1211378,24563
2020-05-06,106,USA,1236525,25147
2020-05-07,107,USA,1264315,27790
2020-05-08,108,USA,1291197,26882
2020-05-09,109,USA,1316165,24968
2020-05-10,110,USA,1335021,18856
2020-05-11,111,USA,1354468,19447
2020-05-12,112,USA,1377226,22758
2020-05-13,113,USA,1398192,20966
2020-05-14,114,USA,1425500,27308
2020-05-15,115,USA,1450798,25298
2020-05-16,116,USA,1474811,24013
2020-05-17,117,USA,1492925,18114
2020-05-18,118,USA,1514937,22012
2020-05-19,119,USA,1535981,21044
2020-05-20,120,USA,1559486,23505
2020-05-21,121,USA,1585151,25665
2020-05-22,122,USA,1608589,23438
2020-05-23,123,USA,1629786,21197
2020-05-24,124,USA,1649900,20114
2020-05-25,125,USA,1668217,18317
2020-05-26,126,USA,1687741,19524
2020-05-27,127,USA,1706331,18590
2020-05-28,128,USA,1729279,22948
2020-05-29,129,USA,1753630,24351
2020-05-30,130,USA,1777473,23843
2020-05-31,131,USA,1796645,19172
2020-06-01,132,USA,1814009,17364
2020-06-02,133,USA,1835382,21373
2020-06-03,134,USA,1855359,19977
2020-06-04,135,USA,1877078,21719
2020-06-05,136,USA,1902245,25167
2020-06-06,137,USA,1924081,21836
2020-06-07,138,USA,1941868,17787
2020-06-08,139,USA,1959396,17528
2020-06-09,140,USA,1977765,18369
2020-06-10,141,USA,1998589,20824
2020-06-11,142,USA,2021786,23197
2020-06-12,143,USA,2046651,24865
2020-06-13,144,USA,2071911,25260
2020-06-14,145,USA,2091283,19372
2020-06-15,146,USA,2111207,19924
2020-06-16,147,USA,2135002,23795
2020-06-17,148,USA,2160906,25904
2020-06-18,149,USA,2189091,28185
2020-06-19,150,USA,2220401,31310
2020-06-20,151,USA,2252655,32254
2020-06-21,152,USA,2278761,26106
2020-06-22,153,USA,2309243,30482
2020-06-23,154,USA,2345008,35765
2020-06-24,155,USA,2379473,34465
2020-06-25,156,USA,2420009,40536
2020-06-26,157,USA,2465323,45314
2020-06-27,158,USA,2507672,42349
2020-06-28,159,USA,2547023,39351
2020-06-29,160,USA,2587708,40685
2020-06-30,161,USA,2633871,46163
2020-07-01,162,USA,2685191,51320
2020-07-02,163,USA,2740301,55110
2020-07-03,164,USA,2792849,52548
2020-07-04,165,USA,2838589,45740
2020-07-05,166,USA,2888566,49977
2020-07-06,167,USA,2933216,44650
2020-07-07,168,USA,2993372,60156
2020-07-08,169,USA,3052545,59173
2020-07-09,170,USA,3115816,63271
2020-07-10,171,USA,3183535,67719
2020-07-11,172,USA,3243686,60151
2020-07-12,173,USA,3302565,58879
2020-07-13,174,USA,3362035,59470
2020-07-14,175,USA,3428992,66957
2020-07-15,176,USA,3496615,67623
2020-07-16,177,USA,3573977,77362
2020-07-17,178,USA,3645987,72010
2020-07-18,179,USA,3708735,62748
2020-07-19,180,USA,3769990,61255
2020-07-20,181,USA,3831932,61942
2020-07-21,182,USA,3896363,64431
2020-07-22,183,USA,3967668,71305
2020-07-23,184,USA,4036741,69073
2020-07-24,185,USA,4109848,73107
2020-07-25,186,USA,4176302,66454
2020-07-26,187,USA,4231104,54802
2020-07-27,188,USA,4287684,56580
2020-07-28,189,USA,4353477,65793
2020-07-29,190,USA,4424779,71302
2020-07-30,191,USA,4492558,67779
2020-07-31,192,USA,4559711,67153
2020-08-01,193,USA,4617614,57903
2020-08-02,194,USA,4664943,47329
2020-08-03,195,USA,4709773,44830
2020-08-04,196,USA,4767233,57460
2020-08-05,197,USA,4820885,53652
2020-08-06,198,USA,4880525,59640
2020-08-07,199,USA,4938857,58332
2020-08-08,200,USA,4994547,55690
2020-08-09,201,USA,5040670,46123
2020-08-10,202,USA,5090430,49760
2020-08-11,203,USA,5137333,46903
2020-08-12,204,USA,5194337,57004
2020-08-13,205,USA,5246314,51977
2020-08-14,206,USA,5310915,64601
2020-08-15,207,USA,5358340,47425
2020-08-16,208,USA,5399753,41413
2020-08-17,209,USA,5435692,35939
2020-08-18,210,USA,5481046,45354
2020-08-19,211,USA,5528376,47330
2020-08-20,212,USA,5572457,44081
2020-08-21,213,USA,5620676,48219
2020-08-22,214,USA,5665086,44410
2020-08-23,215,USA,5699515,34429
2020-08-24,216,USA,5737369,37854
2020-08-25,217,USA,5775598,38229
2020-08-26,218,USA,5820689,45091
2020-08-27,219,USA,5866560,45871
2020-08-28,220,USA,5912756,46196
2020-08-29,221,USA,5958776,46020
2020-08-30,222,USA,5994130,35354
2020-08-31,223,USA,6028642,34512
2020-09-01,224,USA,6071171,42529
2020-09-02,225,USA,6111774,40603
2020-09-03,226,USA,6155692,43918
2020-09-04,227,USA,6205799,50107
2020-09-05,228,USA,6249850,44051
2020-09-06,229,USA,6280981,31131
2020-09-07,230,USA,6305037,24056
2020-09-08,231,USA,6331773,26736
2020-09-09,232,USA,6365325,33552
2020-09-10,233,USA,6401685,36360
2020-09-11,234,USA,6449207,47522
2020-09-12,235,USA,6490330,41123
2020-09-13,236,USA,6524954,34624
2020-09-14,237,USA,6558900,33946
2020-09-15,238,USA,6598091,39191
2020-09-16,239,USA,6636642,38551
2020-09-17,240,USA,6681372,44730
2020-09-18,241,USA,6730088,48716
2020-09-19,242,USA,6774138,44050
2020-09-20,243,USA,6810352,36214
2020-09-21,244,USA,6862816,52464
2020-09-22,245,USA,6901781,38965
2020-09-23,246,USA,6940214,38433
2020-09-24,247,USA,6984346,44132
2020-09-25,248,USA,7034931,50585
2020-09-26,249,USA,7079803,44872
2020-09-27,250,USA,7116225,36422
2020-09-28,251,USA,7149537,33312
2020-09-29,252,USA,7191637,42100
2020-09-30,253,USA,7233042,41405
2020-10-01,254,USA,7277791,44749
2020-10-02,255,USA,7332297,54506
2020-10-03,256,USA,7382341,50044
2020-10-04,257,USA,7417845,35504
2020-10-05,258,USA,7457402,39557
2020-10-06,259,USA,7500964,43562
2020-01-23,2,Wave 3,0.1,0
2020-01-24,3,Wave 3,0.1,0
2020-01-25,4,Wave 3,0.1,0
2020-01-26,5,Wave 3,0.1,0
2020-01-27,6,Wave 3,0.1,0
2020-01-28,7,Wave 3,0.1,0
2020-01-29,8,Wave 3,0.1,0
2020-01-30,9,Wave 3,0.1,0
2020-01-31,10,Wave 3,2,2
2020-02-01,11,Wave 3,2,0
2020-02-02,12,Wave 3,2,0
2020-02-03,13,Wave 3,2,0
2020-02-04,14,Wave 3,2,0
2020-02-05,15,Wave 3,2,0
2020-02-06,16,Wave 3,2,0
2020-02-07,17,Wave 3,2,0
2020-02-08,18,Wave 3,2,0
2020-02-09,19,Wave 3,2,0
2020-02-10,20,Wave 3,2,0
2020-02-11,21,Wave 3,2,0
2020-02-12,22,Wave 3,2,0
2020-02-13,23,Wave 3,2,0
2020-02-14,24,Wave 3,2,0
2020-02-15,25,Wave 3,2,0
2020-02-16,26,Wave 3,2,0
2020-02-17,27,Wave 3,2,0
2020-02-18,28,Wave 3,2,0
2020-02-19,29,Wave 3,2,0
2020-02-20,30,Wave 3,2,0
2020-02-21,31,Wave 3,2,0
2020-02-22,32,Wave 3,2,0
2020-02-23,33,Wave 3,2,0
2020-02-24,34,Wave 3,2,0
2020-02-25,35,Wave 3,2,0
2020-02-26,36,Wave 3,3,1
2020-02-27,37,Wave 3,3,0
2020-02-28,38,Wave 3,4,1
2020-02-29,39,Wave 3,8,4
2020-03-01,40,Wave 3,9,1
2020-03-02,41,Wave 3,11,2
2020-03-03,42,Wave 3,11,0
2020-03-04,43,Wave 3,13,2
2020-03-05,44,Wave 3,18,5
2020-03-06,45,Wave 3,38,20
2020-03-07,46,Wave 3,38,0
2020-03-08,47,Wave 3,64,26
2020-03-09,48,Wave 3,74,10
2020-03-10,49,Wave 3,92,18
2020-03-11,50,Wave 3,101,9
2020-03-12,51,Wave 3,155,54
2020-03-13,52,Wave 3,339,184
2020-03-14,53,Wave 3,395,56
2020-03-15,54,Wave 3,429,34
2020-03-16,55,Wave 3,584,155
2020-03-17,56,Wave 3,826,242
2020-03-18,57,Wave 3,967,141
2020-03-19,58,Wave 3,1509,542
2020-03-20,59,Wave 3,1847,338
2020-03-21,60,Wave 3,2313,466
2020-03-22,61,Wave 3,3130,817
2020-03-23,62,Wave 3,3719,589
2020-03-24,63,Wave 3,4369,650
2020-03-25,64,Wave 3,5106,737
2020-03-26,65,Wave 3,6046,940
2020-03-27,66,Wave 3,6957,911
2020-03-28,67,Wave 3,7938,981
2020-03-29,68,Wave 3,8982,1044
2020-03-30,69,Wave 3,9961,979
2020-03-31,70,Wave 3,11948,1987
2020-04-01,71,Wave 3,14088,2140
2020-04-02,72,Wave 3,16457,2369
2020-04-03,73,Wave 3,18588,2131
2020-04-04,74,Wave 3,20976,2388
2020-04-05,75,Wave 3,23433,2457
2020-04-06,76,Wave 3,26232,2799
2020-04-07,77,Wave 3,30229,3997
2020-04-08,78,Wave 3,35515,5286
2020-04-09,79,Wave 3,40537,5022
2020-04-10,80,Wave 3,45371,4834
2020-04-11,81,Wave 3,49893,4522
2020-04-12,82,Wave 3,55225,5332
2020-04-13,83,Wave 3,62293,7068
2020-04-14,84,Wave 3,68447,6154
2020-04-15,85,Wave 3,77225,8778
2020-04-16,86,Wave 3,85103,7878
2020-04-17,87,Wave 3,95034,9931
2020-04-18,88,Wave 3,105786,10752
2020-04-19,89,Wave 3,117214,11428
2020-04-20,90,Wave 3,126393,9179
2020-04-21,91,Wave 3,138193,11800
2020-04-22,92,Wave 3,150094,11901
2020-04-23,93,Wave 3,163472,13378
2020-04-24,94,Wave 3,176976,13504
2020-04-25,95,Wave 3,194382,17406
2020-04-26,96,Wave 3,209181,14799
2020-04-27,97,Wave 3,223545,14364
2020-04-28,98,Wave 3,241274,17729
2020-04-29,99,Wave 3,259319,18045
2020-04-30,100,Wave 3,280305,20986
2020-05-01,101,Wave 3,300166,19861
2020-05-02,102,Wave 3,320025,19859
2020-05-03,103,Wave 3,342378,22353
2020-05-04,104,Wave 3,364964,22586
2020-05-05,105,Wave 3,389219,24255
2020-05-06,106,Wave 3,418648,29429
2020-05-07,107,Wave 3,447231,28583
2020-05-08,108,Wave 3,476688,29457
2020-05-09,109,Wave 3,504118,27430
2020-05-10,110,Wave 3,528421,24303
2020-05-11,111,Wave 3,552792,24371
2020-05-12,112,Wave 3,580425,27633
2020-05-13,113,Wave 3,611552,31127
2020-05-14,114,Wave 3,644341,32789
2020-05-15,115,Wave 3,681902,37561
2020-05-16,116,Wave 3,714250,32348
2020-05-17,117,Wave 3,741344,27094
2020-05-18,118,Wave 3,773827,32483
2020-05-19,119,Wave 3,810630,36803
2020-05-20,120,Wave 3,850181,39551
2020-05-21,121,Wave 3,889565,39384
2020-05-22,122,Wave 3,929487,39922
2020-05-23,123,Wave 3,967129,37642
2020-05-24,124,Wave 3,1002441,35312
2020-05-25,125,Wave 3,1033789,31348
2020-05-26,126,Wave 3,1071352,37563
2020-05-27,127,Wave 3,1113262,41910
2020-05-28,128,Wave 3,1160974,47712
2020-05-29,129,Wave 3,1210311,49337
2020-05-30,130,Wave 3,1266190,55879
2020-05-31,131,Wave 3,1308246,42056
2020-06-01,132,Wave 3,1340925,32679
2020-06-02,133,Wave 3,1395516,54591
2020-06-03,134,Wave 3,1442205,46689
2020-06-04,135,Wave 3,1495077,52872
2020-06-05,136,Wave 3,1548592,53515
2020-06-06,137,Wave 3,1598220,49628
2020-06-07,138,Wave 3,1640132,41912
2020-06-08,139,Wave 3,1677040,36908
2020-06-09,140,Wave 3,1732416,55376
2020-06-10,141,Wave 3,1790599,58183
2020-06-11,142,Wave 3,1847463,56864
2020-06-12,143,Wave 3,1895020,47557
2020-06-13,144,Wave 3,1941098,46078
2020-06-14,145,Wave 3,1987525,46427
2020-06-15,146,Wave 3,2030678,43153
2020-06-16,147,Wave 3,2090729,60051
2020-06-17,148,Wave 3,2148350,57621
2020-06-18,149,Wave 3,2196589,48239
2020-06-19,150,Wave 3,2275442,78853
2020-06-20,151,Wave 3,2333289,57847
2020-06-21,152,Wave 3,2372619,39330
2020-06-22,153,Wave 3,2417295,44676
2020-06-23,154,Wave 3,2480346,63051
2020-06-24,155,Wave 3,2546137,65791
2020-06-25,156,Wave 3,2610060,63923
2020-06-26,157,Wave 3,2680717,70657
2020-06-27,158,Wave 3,2741719,61002
2020-06-28,159,Wave 3,2794257,52538
2020-06-29,160,Wave 3,2839700,45443
2020-06-30,161,Wave 3,2896578,56878
2020-07-01,162,Wave 3,2965962,69384
2020-07-02,163,Wave 3,3038489,72527
2020-07-03,164,Wave 3,3105064,66575
2020-07-04,165,Wave 3,3167421,62357
2020-07-05,166,Wave 3,3214830,47409
2020-07-06,167,Wave 3,3256923,42093
2020-07-07,168,Wave 3,3324843,67920
2020-07-08,169,Wave 3,3393101,68258
2020-07-09,170,Wave 3,3459571,66470
2020-07-10,171,Wave 3,3527439,67868
2020-07-11,172,Wave 3,3587886,60447
2020-07-12,173,Wave 3,3632847,44961
2020-07-13,174,Wave 3,3674077,41230
2020-07-14,175,Wave 3,3738824,64747
2020-07-15,176,Wave 3,3801395,62571
2020-07-16,177,Wave 3,3868951,67556
2020-07-17,178,Wave 3,3926372,57421
2020-07-18,179,Wave 3,3977970,51598
2020-07-19,180,Wave 3,4021959,43989
2020-07-20,181,Wave 3,4062737,40778
2020-07-21,182,Wave 3,4126371,63634
2020-07-22,183,Wave 3,4215638,89267
2020-07-23,184,Wave 3,4299507,83869
2020-07-24,185,Wave 3,4378541,79034
2020-07-25,186,Wave 3,4446993,68452
2020-07-26,187,Wave 3,4487035,40042
2020-07-27,188,Wave 3,4539420,52385
2020-07-28,189,Wave 3,4602969,63549
2020-07-29,190,Wave 3,4693690,90721
2020-07-30,191,Wave 3,4769065,75375
2020-07-31,192,Wave 3,4846641,77576
2020-08-01,193,Wave 3,4910790,64149
2020-08-02,194,Wave 3,4970431,59641
2020-08-03,195,Wave 3,5004067,33636
2020-08-04,196,Wave 3,5077010,72943
2020-08-05,197,Wave 3,5157243,80233
2020-08-06,198,Wave 3,5234375,77132
2020-08-07,199,Wave 3,5309397,75022
2020-08-08,200,Wave 3,5375127,65730
2020-08-09,201,Wave 3,5425732,50605
2020-08-10,202,Wave 3,5467692,41960
2020-08-11,203,Wave 3,5542494,74802
2020-08-12,204,Wave 3,5613125,70631
2020-08-13,205,Wave 3,5698578,85453
2020-08-14,206,Wave 3,5781746,83168
2020-08-15,207,Wave 3,5838754,57008
2020-08-16,208,Wave 3,5883972,45218
2020-08-17,209,Wave 3,5925865,41893
2020-08-18,210,Wave 3,5994029,68164
2020-08-19,211,Wave 3,6065847,71818
2020-08-20,212,Wave 3,6135966,70119
2020-08-21,213,Wave 3,6189340,53374
2020-08-22,214,Wave 3,6263171,73831
2020-08-23,215,Wave 3,6307588,44417
2020-08-24,216,Wave 3,6345645,38057
2020-08-25,217,Wave 3,6412105,66460
2020-08-26,218,Wave 3,6479706,67601
2020-08-27,219,Wave 3,6544093,64387
2020-08-28,220,Wave 3,6609986,65893
2020-08-29,221,Wave 3,6673235,63249
2020-08-30,222,Wave 3,6710700,37465
2020-08-31,223,Wave 3,6776168,65468
2020-09-01,224,Wave 3,6837692,61524
2020-09-02,225,Wave 3,6902930,65238
2020-09-03,226,Wave 3,6960589,57659
2020-09-04,227,Wave 3,7037779,77190
2020-09-05,228,Wave 3,7089885,52106
2020-09-06,229,Wave 3,7123319,33434
2020-09-07,230,Wave 3,7151429,28110
2020-09-08,231,Wave 3,7180350,28921
2020-09-09,232,Wave 3,7233016,52666
2020-09-10,233,Wave 3,7293112,60096
2020-09-11,234,Wave 3,7357956,64844
2020-09-12,235,Wave 3,7411087,53131
2020-09-13,236,Wave 3,7443863,32776
2020-09-14,237,Wave 3,7476973,33110
2020-09-15,238,Wave 3,7530469,53496
2020-09-16,239,Wave 3,7583741,53272
2020-09-17,240,Wave 3,7637459,53718
2020-09-18,241,Wave 3,7695715,58256
2020-09-19,242,Wave 3,7748331,52616
2020-09-20,243,Wave 3,7782787,34456
2020-09-21,244,Wave 3,7813430,30643
2020-09-22,245,Wave 3,7859655,46225
2020-09-23,246,Wave 3,7880649,20994
2020-09-24,247,Wave 3,7967071,86422
2020-09-25,248,Wave 3,8025239,58168
2020-09-26,249,Wave 3,8068178,42939
2020-09-27,250,Wave 3,8101382,33204
2020-09-28,251,Wave 3,8132985,31603
2020-09-29,252,Wave 3,8183057,50072
2020-09-30,253,Wave 3,8234802,51745
2020-10-01,254,Wave 3,8289954,55152
2020-10-02,255,Wave 3,8309368,19414
2020-10-03,256,Wave 3,8388575,79207
2020-10-04,257,Wave 3,8412634,24059
2020-10-05,258,Wave 3,8471878,59244
2020-10-06,259,Wave 3,8533899,62021
2020-01-23,2,Western Europe,0.1,0
2020-01-24,3,Western Europe,2,2
2020-01-25,4,Western Europe,3,1
2020-01-26,5,Western Europe,3,0
2020-01-27,6,Western Europe,4,1
2020-01-28,7,Western Europe,8,4
2020-01-29,8,Western Europe,9,1
2020-01-30,9,Western Europe,9,0
2020-01-31,10,Western Europe,12,3
2020-02-01,11,Western Europe,17,5
2020-02-02,12,Western Europe,19,2
2020-02-03,13,Western Europe,27,8
2020-02-04,14,Western Europe,28,1
2020-02-05,15,Western Europe,29,1
2020-02-06,16,Western Europe,29,0
2020-02-07,17,Western Europe,30,1
2020-02-08,18,Western Europe,39,9
2020-02-09,19,Western Europe,42,3
2020-02-10,20,Western Europe,42,0
2020-02-11,21,Western Europe,45,3
2020-02-12,22,Western Europe,46,1
2020-02-13,23,Western Europe,47,1
2020-02-14,24,Western Europe,48,1
2020-02-15,25,Western Europe,49,1
2020-02-16,26,Western Europe,49,0
2020-02-17,27,Western Europe,50,1
2020-02-18,28,Western Europe,50,0
2020-02-19,29,Western Europe,51,1
2020-02-20,30,Western Europe,53,2
2020-02-21,31,Western Europe,54,1
2020-02-22,32,Western Europe,54,0
2020-02-23,33,Western Europe,59,5
2020-02-24,34,Western Europe,61,2
2020-02-25,35,Western Europe,72,11
2020-02-26,36,Western Europe,96,24
2020-02-27,37,Western Europe,144,48
2020-02-28,38,Western Europe,194,50
2020-02-29,39,Western Europe,286,92
2020-03-01,40,Western Europe,440,154
2020-03-02,41,Western Europe,612,172
2020-03-03,42,Western Europe,767,155
2020-03-04,43,Western Europe,1041,274
2020-03-05,44,Western Europe,1466,425
2020-03-06,45,Western Europe,2209,743
2020-03-07,46,Western Europe,2856,647
2020-03-08,47,Western Europe,3532,676
2020-03-09,48,Western Europe,4337,805
2020-03-10,49,Western Europe,6102,1765
2020-03-11,50,Western Europe,8093,1991
2020-03-12,51,Western Europe,8752,659
2020-03-13,52,Western Europe,15417,6665
2020-03-14,53,Western Europe,18795,3378
2020-03-15,54,Western Europe,22088,3293
2020-03-16,55,Western Europe,28647,6559
2020-03-17,56,Western Europe,34425,5778
2020-03-18,57,Western Europe,42314,7889
2020-03-19,58,Western Europe,52581,10267
2020-03-20,59,Western Europe,63064,10483
2020-03-21,60,Western Europe,73871,10807
2020-03-22,61,Western Europe,83680,9809
2020-03-23,62,Western Europe,100802,17122
2020-03-24,63,Western Europe,114888,14086
2020-03-25,64,Western Europe,135218,20330
2020-03-26,65,Western Europe,158480,23262
2020-03-27,66,Western Europe,181495,23015
2020-03-28,67,Western Europe,205231,23736
2020-03-29,68,Western Europe,223703,18472
2020-03-30,69,Western Europe,246191,22488
2020-03-31,70,Western Europe,272148,25957
2020-04-01,71,Western Europe,297492,25344
2020-04-02,72,Western Europe,320854,23362
2020-04-03,73,Western Europe,346029,25175
2020-04-04,74,Western Europe,367963,21934
2020-04-05,75,Western Europe,384294,16331
2020-04-06,76,Western Europe,402944,18650
2020-04-07,77,Western Europe,423186,20242
2020-04-08,78,Western Europe,445363,22177
2020-04-09,79,Western Europe,466045,20682
2020-04-10,80,Western Europe,485509,19464
2020-04-11,81,Western Europe,501089,15580
2020-04-12,82,Western Europe,539856,38767
2020-04-13,83,Western Europe,554171,14315
2020-04-14,84,Western Europe,567749,13578
2020-04-15,85,Western Europe,587020,19271
2020-04-16,86,Western Europe,616338,29318
2020-04-17,87,Western Europe,634256,17918
2020-04-18,88,Western Europe,642871,8615
2020-04-19,89,Western Europe,661759,18888
2020-04-20,90,Western Europe,673911,12152
2020-04-21,91,Western Europe,687628,13717
2020-04-22,92,Western Europe,698446,10818
2020-04-23,93,Western Europe,713961,15515
2020-04-24,94,Western Europe,713923,-38
2020-04-25,95,Western Europe,724840,10917
2020-04-26,96,Western Europe,732684,7844
2020-04-27,97,Western Europe,744503,11819
2020-04-28,98,Western Europe,755429,10926
2020-04-29,99,Western Europe,762665,7236
2020-04-30,100,Western Europe,771033,8368
2020-05-01,101,Western Europe,779131,8098
2020-05-02,102,Western Europe,786315,7184
2020-05-03,103,Western Europe,791669,5354
2020-05-04,104,Western Europe,797104,5435
2020-05-05,105,Western Europe,804312,7208
2020-05-06,106,Western Europe,814108,9796
2020-05-07,107,Western Europe,821602,7494
2020-05-08,108,Western Europe,829097,7495
2020-05-09,109,Western Europe,833869,4772
2020-05-10,110,Western Europe,838315,4446
2020-05-11,111,Western Europe,846508,8193
2020-05-12,112,Western Europe,852224,5716
2020-05-13,113,Western Europe,857149,4925
2020-05-14,114,Western Europe,862113,4964
2020-05-15,115,Western Europe,867024,4911
2020-05-16,116,Western Europe,870475,3451
2020-05-17,117,Western Europe,873272,2797
2020-05-18,118,Western Europe,877576,4304
2020-05-19,119,Western Europe,883406,5830
2020-05-20,120,Western Europe,888290,4884
2020-05-21,121,Western Europe,892377,4087
2020-05-22,122,Western Europe,897573,5196
2020-05-23,123,Western Europe,900462,2889
2020-05-24,124,Western Europe,902938,2476
2020-05-25,125,Western Europe,905059,2121
2020-05-26,126,Western Europe,908070,3011
2020-05-27,127,Western Europe,910531,2461
2020-05-28,128,Western Europe,918169,7638
2020-05-29,129,Western Europe,921832,3663
2020-05-30,130,Western Europe,925824,3992
2020-05-31,131,Western Europe,927818,1994
2020-06-01,132,Western Europe,930080,2262
2020-06-02,133,Western Europe,931461,1381
2020-06-03,134,Western Europe,933868,2407
2020-06-04,135,Western Europe,936640,2772
2020-06-05,136,Western Europe,939271,2631
2020-06-06,137,Western Europe,941667,2396
2020-06-07,138,Western Europe,943422,1755
2020-06-08,139,Western Europe,945375,1953
2020-06-09,140,Western Europe,947673,2298
2020-06-10,141,Western Europe,949866,2193
2020-06-11,142,Western Europe,952036,2170
2020-06-12,143,Western Europe,954962,2926
2020-06-13,144,Western Europe,956912,1950
2020-06-14,145,Western Europe,958811,1899
2020-06-15,146,Western Europe,960410,1599
2020-06-16,147,Western Europe,962681,2271
2020-06-17,148,Western Europe,964934,2253
2020-06-18,149,Western Europe,968323,3389
2020-06-19,150,Western Europe,971035,2712
2020-06-20,151,Western Europe,973150,2115
2020-06-21,152,Western Europe,974994,1844
2020-06-22,153,Western Europe,976987,1993
2020-06-23,154,Western Europe,979606,2619
2020-06-24,155,Western Europe,981277,1671
2020-06-25,156,Western Europe,982983,1706
2020-06-26,157,Western Europe,986393,3410
2020-06-27,158,Western Europe,988116,1723
2020-06-28,159,Western Europe,988426,310
2020-06-29,160,Western Europe,991707,3281
2020-06-30,161,Western Europe,993395,1688
2020-07-01,162,Western Europe,995321,1926
2020-07-02,163,Western Europe,996996,1675
2020-07-03,164,Western Europe,999061,2065
2020-07-04,165,Western Europe,1000215,1154
2020-07-05,166,Western Europe,1001237,1022
2020-07-06,167,Western Europe,1004798,3561
2020-07-07,168,Western Europe,1006477,1679
2020-07-08,169,Western Europe,1007918,1441
2020-07-09,170,Western Europe,1010777,2859
2020-07-10,171,Western Europe,1013290,2513
2020-07-11,172,Western Europe,1014605,1315
2020-07-12,173,Western Europe,1015703,1098
2020-07-13,174,Western Europe,1020171,4468
2020-07-14,175,Western Europe,1022427,2256
2020-07-15,176,Western Europe,1025293,2866
2020-07-16,177,Western Europe,1028761,3468
2020-07-17,178,Western Europe,1032545,3784
2020-07-18,179,Western Europe,1033962,1417
2020-07-19,180,Western Europe,1034997,1035
2020-07-20,181,Western Europe,1043222,8225
2020-07-21,182,Western Europe,1046165,2943
2020-07-22,183,Western Europe,1050011,3846
2020-07-23,184,Western Europe,1055292,5281
2020-07-24,185,Western Europe,1060540,5248
2020-07-25,186,Western Europe,1062497,1957
2020-07-26,187,Western Europe,1063935,1438
2020-07-27,188,Western Europe,1074382,10447
2020-07-28,189,Western Europe,1078317,3935
2020-07-29,190,Western Europe,1082662,4345
2020-07-30,191,Western Europe,1089350,6688
2020-07-31,192,Western Europe,1097662,8312
2020-08-01,193,Western Europe,1099689,2027
2020-08-02,194,Western Europe,1101098,1409
2020-08-03,195,Western Europe,1111928,10830
2020-08-04,196,Western Europe,1122792,10864
2020-08-05,197,Western Europe,1128446,5654
2020-08-06,198,Western Europe,1138016,9570
2020-08-07,199,Western Europe,1149245,11229
2020-08-08,200,Western Europe,1151335,2090
2020-08-09,201,Western Europe,1153613,2278
2020-08-10,202,Western Europe,1168849,15236
2020-08-11,203,Western Europe,1175057,6208
2020-08-12,204,Western Europe,1185959,10902
2020-08-13,205,Western Europe,1196631,10672
2020-08-14,206,Western Europe,1211562,14931
2020-08-15,207,Western Europe,1217367,5805
2020-08-16,208,Western Europe,1219451,2084
2020-08-17,209,Western Europe,1241913,22462
2020-08-18,210,Western Europe,1249924,8011
2020-08-19,211,Western Europe,1259594,9670
2020-08-20,212,Western Europe,1270113,10519
2020-08-21,213,Western Europe,1297200,27087
2020-08-22,214,Western Europe,1303540,6340
2020-08-23,215,Western Europe,1310586,7046
2020-08-24,216,Western Europe,1334684,24098
2020-08-25,217,Western Europe,1348306,13622
2020-08-26,218,Western Europe,1364230,15924
2020-08-27,219,Western Europe,1383572,19342
2020-08-28,220,Western Europe,1404117,20545
2020-08-29,221,Western Europe,1406583,2466
2020-08-30,222,Western Europe,1420114,13531
2020-08-31,223,Western Europe,1449965,29851
2020-09-01,224,Western Europe,1465858,15893
2020-09-02,225,Western Europe,1484865,19007
2020-09-03,226,Western Europe,1504825,19960
2020-09-04,227,Western Europe,1528399,23574
2020-09-05,228,Western Europe,1531652,3253
2020-09-06,229,Western Europe,1535852,4200
2020-09-07,230,Western Europe,1587569,51717
2020-09-08,231,Western Europe,1607261,19692
2020-09-09,232,Western Europe,1630408,23147
2020-09-10,233,Western Europe,1655647,25239
2020-09-11,234,Western Europe,1683576,27929
2020-09-12,235,Western Europe,1690024,6448
2020-09-13,236,Western Europe,1695341,5317
2020-09-14,237,Western Europe,1750683,55342
2020-09-15,238,Western Europe,1773551,22868
2020-09-16,239,Western Europe,1801723,28172
2020-09-17,240,Western Europe,1831028,29305
2020-09-18,241,Western Europe,1866773,35745
2020-09-19,242,Western Europe,1874179,7406
2020-09-20,243,Western Europe,1880658,6479
2020-09-21,244,Western Europe,1948393,67735
2020-09-22,245,Western Europe,1978113,29720
2020-09-23,246,Western Europe,2000169,22056
2020-09-24,247,Western Europe,2049501,49332
2020-09-25,248,Western Europe,2089357,39856
2020-09-26,249,Western Europe,2098581,9224
2020-09-27,250,Western Europe,2106989,8408
2020-09-28,251,Western Europe,2171803,64814
2020-09-29,252,Western Europe,2194602,22799
2020-09-30,253,Western Europe,2240430,45828
2020-10-01,254,Western Europe,2274966,34536
2020-10-02,255,Western Europe,2311740,36774
2020-10-03,256,Western Europe,2329745,18005
2020-10-04,257,Western Europe,2356868,27123
2020-10-05,258,Western Europe,2432799,75931
2020-10-06,259,Western Europe,2475343,42544
