date,time,location,count
2020-01-22,1,China,17
2020-01-23,2,China,18
2020-01-24,3,China,26
2020-01-25,4,China,42
2020-01-26,5,China,56
2020-01-27,6,China,82
2020-01-28,7,China,131
2020-01-29,8,China,133
2020-01-30,9,China,171
2020-01-31,10,China,213
2020-02-01,11,China,259
2020-02-02,12,China,361
2020-02-03,13,China,425
2020-02-04,14,China,491
2020-02-05,15,China,563
2020-02-06,16,China,633
2020-02-07,17,China,718
2020-02-08,18,China,805
2020-02-09,19,China,905
2020-02-10,20,China,1012
2020-02-11,21,China,1112
2020-02-12,22,China,1117
2020-02-13,23,China,1369
2020-02-14,24,China,1521
2020-02-15,25,China,1663
2020-02-16,26,China,1766
2020-02-17,27,China,1864
2020-02-18,28,China,2003
2020-02-19,29,China,2116
2020-02-20,30,China,2238
2020-02-21,31,China,2238
2020-02-22,32,China,2443
2020-02-23,33,China,2445
2020-02-24,34,China,2595
2020-02-25,35,China,2665
2020-02-26,36,China,2717
2020-02-27,37,China,2746
2020-02-28,38,China,2790
2020-02-29,39,China,2837
2020-03-01,40,China,2872
2020-03-02,41,China,2914
2020-03-03,42,China,2947
2020-03-04,43,China,2983
2020-03-05,44,China,3015
2020-03-06,45,China,3044
2020-03-07,46,China,3072
2020-03-08,47,China,3100
2020-03-09,48,China,3123
2020-03-10,49,China,3139
2020-03-11,50,China,3161
2020-03-12,51,China,3172
2020-03-13,52,China,3180
2020-03-14,53,China,3193
2020-03-15,54,China,3203
2020-03-16,55,China,3217
2020-03-17,56,China,3230
2020-03-18,57,China,3241
2020-03-19,58,China,3249
2020-03-20,59,China,3253
2020-03-21,60,China,3259
2020-03-22,61,China,3274
2020-03-23,62,China,3274
2020-03-24,63,China,3281
2020-03-25,64,China,3285
2020-03-26,65,China,3291
2020-03-27,66,China,3296
2020-03-28,67,China,3299
2020-03-29,68,China,3304
2020-03-30,69,China,3308
2020-03-31,70,China,3309
2020-04-01,71,China,3316
2020-04-02,72,China,3322
2020-04-03,73,China,3326
2020-04-04,74,China,3330
2020-04-05,75,China,3333
2020-04-06,76,China,3335
2020-04-07,77,China,3335
2020-04-08,78,China,3337
2020-04-09,79,China,3339
2020-04-10,80,China,3340
2020-04-11,81,China,3343
2020-04-12,82,China,3343
2020-04-13,83,China,3345
2020-04-14,84,China,3345
2020-04-15,85,China,3346
2020-04-16,86,China,3346
2020-04-17,87,China,4636
2020-04-18,88,China,4636
2020-04-19,89,China,4636
2020-04-20,90,China,4636
2020-04-21,91,China,4636
2020-04-22,92,China,4636
2020-04-23,93,China,4636
2020-04-24,94,China,4636
2020-04-25,95,China,4636
2020-04-26,96,China,4637
2020-04-27,97,China,4637
2020-04-28,98,China,4637
2020-04-29,99,China,4637
2020-04-30,100,China,4637
2020-05-01,101,China,4637
2020-05-02,102,China,4637
2020-05-03,103,China,4637
2020-05-04,104,China,4637
2020-05-05,105,China,4637
2020-05-06,106,China,4637
2020-05-07,107,China,4637
2020-05-08,108,China,4637
2020-05-09,109,China,4637
2020-05-10,110,China,4637
2020-05-11,111,China,4637
2020-05-12,112,China,4637
2020-05-13,113,China,4637
2020-05-14,114,China,4637
2020-05-15,115,China,4637
2020-05-16,116,China,4638
2020-05-17,117,China,4638
2020-05-18,118,China,4638
2020-05-19,119,China,4638
2020-05-20,120,China,4638
2020-05-21,121,China,4638
2020-05-22,122,China,4638
2020-05-23,123,China,4638
2020-05-24,124,China,4638
2020-05-25,125,China,4638
2020-05-26,126,China,4638
2020-05-27,127,China,4638
2020-05-28,128,China,4638
2020-05-29,129,China,4638
2020-05-30,130,China,4638
2020-05-31,131,China,4638
2020-06-01,132,China,4638
2020-06-02,133,China,4638
2020-06-03,134,China,4638
2020-06-04,135,China,4638
2020-06-05,136,China,4638
2020-06-06,137,China,4638
2020-06-07,138,China,4638
2020-06-08,139,China,4638
2020-06-09,140,China,4638
2020-06-10,141,China,4638
2020-06-11,142,China,4638
2020-06-12,143,China,4638
2020-06-13,144,China,4638
2020-06-14,145,China,4638
2020-06-15,146,China,4638
2020-06-16,147,China,4638
2020-06-17,148,China,4638
2020-06-18,149,China,4638
2020-06-19,150,China,4638
2020-06-20,151,China,4639
2020-06-21,152,China,4639
2020-06-22,153,China,4639
2020-06-23,154,China,4640
2020-06-24,155,China,4640
2020-06-25,156,China,4641
2020-06-26,157,China,4641
2020-06-27,158,China,4641
2020-06-28,159,China,4641
2020-06-29,160,China,4641
2020-06-30,161,China,4641
2020-07-01,162,China,4641
2020-07-02,163,China,4641
2020-07-03,164,China,4641
2020-07-04,165,China,4641
2020-07-05,166,China,4641
2020-07-06,167,China,4641
2020-07-07,168,China,4641
2020-07-08,169,China,4641
2020-07-09,170,China,4641
2020-07-10,171,China,4641
2020-07-11,172,China,4641
2020-07-12,173,China,4641
2020-07-13,174,China,4641
2020-07-14,175,China,4642
2020-07-15,176,China,4644
2020-07-16,177,China,4644
2020-07-17,178,China,4645
2020-07-18,179,China,4646
2020-07-19,180,China,4646
2020-07-20,181,China,4646
2020-07-21,182,China,4648
2020-07-22,183,China,4648
2020-07-23,184,China,4649
2020-07-24,185,China,4650
2020-07-25,186,China,4652
2020-07-26,187,China,4652
2020-07-27,188,China,4656
2020-07-28,189,China,4657
2020-07-29,190,China,4658
2020-07-30,191,China,4659
2020-07-31,192,China,4661
2020-08-01,193,China,4667
2020-08-02,194,China,4669
2020-08-03,195,China,4672
2020-08-04,196,China,4676
2020-08-05,197,China,4677
2020-08-06,198,China,4680
2020-08-07,199,China,4681
2020-08-08,200,China,4681
2020-08-09,201,China,4686
2020-08-10,202,China,4689
2020-08-11,203,China,4693
2020-08-12,204,China,4697
2020-08-13,205,China,4700
2020-08-14,206,China,4701
2020-08-15,207,China,4703
2020-08-16,208,China,4703
2020-08-17,209,China,4703
2020-08-18,210,China,4705
2020-08-19,211,China,4706
2020-08-20,212,China,4709
2020-08-21,213,China,4709
2020-08-22,214,China,4711
2020-08-23,215,China,4711
2020-08-24,216,China,4711
2020-08-25,217,China,4712
2020-08-26,218,China,4713
2020-08-27,219,China,4715
2020-08-28,220,China,4718
2020-08-29,221,China,4721
2020-08-30,222,China,4722
2020-08-31,223,China,4723
2020-09-01,224,China,4724
2020-09-02,225,China,4727
2020-09-03,226,China,4728
2020-09-04,227,China,4728
2020-09-05,228,China,4728
2020-09-06,229,China,4730
2020-09-07,230,China,4732
2020-09-08,231,China,4733
2020-09-09,232,China,4733
2020-09-10,233,China,4733
2020-09-11,234,China,4733
2020-09-12,235,China,4734
2020-09-13,236,China,4734
2020-09-14,237,China,4735
2020-09-15,238,China,4736
2020-09-16,239,China,4736
2020-09-17,240,China,4736
2020-09-18,241,China,4737
2020-09-19,242,China,4737
2020-09-20,243,China,4737
2020-09-21,244,China,4737
2020-01-22,1,India,0.1
2020-01-23,2,India,0.1
2020-01-24,3,India,0.1
2020-01-25,4,India,0.1
2020-01-26,5,India,0.1
2020-01-27,6,India,0.1
2020-01-28,7,India,0.1
2020-01-29,8,India,0.1
2020-01-30,9,India,0.1
2020-01-31,10,India,0.1
2020-02-01,11,India,0.1
2020-02-02,12,India,0.1
2020-02-03,13,India,0.1
2020-02-04,14,India,0.1
2020-02-05,15,India,0.1
2020-02-06,16,India,0.1
2020-02-07,17,India,0.1
2020-02-08,18,India,0.1
2020-02-09,19,India,0.1
2020-02-10,20,India,0.1
2020-02-11,21,India,0.1
2020-02-12,22,India,0.1
2020-02-13,23,India,0.1
2020-02-14,24,India,0.1
2020-02-15,25,India,0.1
2020-02-16,26,India,0.1
2020-02-17,27,India,0.1
2020-02-18,28,India,0.1
2020-02-19,29,India,0.1
2020-02-20,30,India,0.1
2020-02-21,31,India,0.1
2020-02-22,32,India,0.1
2020-02-23,33,India,0.1
2020-02-24,34,India,0.1
2020-02-25,35,India,0.1
2020-02-26,36,India,0.1
2020-02-27,37,India,0.1
2020-02-28,38,India,0.1
2020-02-29,39,India,0.1
2020-03-01,40,India,0.1
2020-03-02,41,India,0.1
2020-03-03,42,India,0.1
2020-03-04,43,India,0.1
2020-03-05,44,India,0.1
2020-03-06,45,India,0.1
2020-03-07,46,India,0.1
2020-03-08,47,India,0.1
2020-03-09,48,India,0.1
2020-03-10,49,India,0.1
2020-03-11,50,India,1
2020-03-12,51,India,1
2020-03-13,52,India,2
2020-03-14,53,India,2
2020-03-15,54,India,2
2020-03-16,55,India,2
2020-03-17,56,India,3
2020-03-18,57,India,3
2020-03-19,58,India,4
2020-03-20,59,India,5
2020-03-21,60,India,4
2020-03-22,61,India,7
2020-03-23,62,India,10
2020-03-24,63,India,10
2020-03-25,64,India,12
2020-03-26,65,India,20
2020-03-27,66,India,20
2020-03-28,67,India,24
2020-03-29,68,India,27
2020-03-30,69,India,32
2020-03-31,70,India,35
2020-04-01,71,India,58
2020-04-02,72,India,72
2020-04-03,73,India,72
2020-04-04,74,India,86
2020-04-05,75,India,99
2020-04-06,76,India,136
2020-04-07,77,India,150
2020-04-08,78,India,178
2020-04-09,79,India,226
2020-04-10,80,India,246
2020-04-11,81,India,288
2020-04-12,82,India,331
2020-04-13,83,India,358
2020-04-14,84,India,393
2020-04-15,85,India,405
2020-04-16,86,India,448
2020-04-17,87,India,486
2020-04-18,88,India,521
2020-04-19,89,India,559
2020-04-20,90,India,592
2020-04-21,91,India,645
2020-04-22,92,India,681
2020-04-23,93,India,721
2020-04-24,94,India,780
2020-04-25,95,India,825
2020-04-26,96,India,881
2020-04-27,97,India,939
2020-04-28,98,India,1008
2020-04-29,99,India,1079
2020-04-30,100,India,1154
2020-05-01,101,India,1223
2020-05-02,102,India,1323
2020-05-03,103,India,1391
2020-05-04,104,India,1566
2020-05-05,105,India,1693
2020-05-06,106,India,1785
2020-05-07,107,India,1889
2020-05-08,108,India,1985
2020-05-09,109,India,2101
2020-05-10,110,India,2212
2020-05-11,111,India,2294
2020-05-12,112,India,2415
2020-05-13,113,India,2551
2020-05-14,114,India,2649
2020-05-15,115,India,2753
2020-05-16,116,India,2871
2020-05-17,117,India,3025
2020-05-18,118,India,3156
2020-05-19,119,India,3302
2020-05-20,120,India,3434
2020-05-21,121,India,3584
2020-05-22,122,India,3726
2020-05-23,123,India,3868
2020-05-24,124,India,4024
2020-05-25,125,India,4172
2020-05-26,126,India,4344
2020-05-27,127,India,4534
2020-05-28,128,India,4711
2020-05-29,129,India,4980
2020-05-30,130,India,5185
2020-05-31,131,India,5408
2020-06-01,132,India,5608
2020-06-02,133,India,5829
2020-06-03,134,India,6088
2020-06-04,135,India,6363
2020-06-05,136,India,6649
2020-06-06,137,India,6946
2020-06-07,138,India,7207
2020-06-08,139,India,7473
2020-06-09,140,India,7750
2020-06-10,141,India,8102
2020-06-11,142,India,8498
2020-06-12,143,India,8884
2020-06-13,144,India,9195
2020-06-14,145,India,9520
2020-06-15,146,India,9900
2020-06-16,147,India,11903
2020-06-17,148,India,12237
2020-06-18,149,India,12573
2020-06-19,150,India,12948
2020-06-20,151,India,13254
2020-06-21,152,India,13699
2020-06-22,153,India,14011
2020-06-23,154,India,14476
2020-06-24,155,India,14894
2020-06-25,156,India,15301
2020-06-26,157,India,15685
2020-06-27,158,India,16095
2020-06-28,159,India,16475
2020-06-29,160,India,16893
2020-06-30,161,India,17400
2020-07-01,162,India,17834
2020-07-02,163,India,18213
2020-07-03,164,India,18655
2020-07-04,165,India,19268
2020-07-05,166,India,19693
2020-07-06,167,India,20159
2020-07-07,168,India,20642
2020-07-08,169,India,21129
2020-07-09,170,India,21604
2020-07-10,171,India,22123
2020-07-11,172,India,22673
2020-07-12,173,India,23174
2020-07-13,174,India,23727
2020-07-14,175,India,24309
2020-07-15,176,India,24914
2020-07-16,177,India,25602
2020-07-17,178,India,26273
2020-07-18,179,India,26816
2020-07-19,180,India,27497
2020-07-20,181,India,28082
2020-07-21,182,India,28732
2020-07-22,183,India,29861
2020-07-23,184,India,30601
2020-07-24,185,India,31358
2020-07-25,186,India,32060
2020-07-26,187,India,32771
2020-07-27,188,India,33408
2020-07-28,189,India,34193
2020-07-29,190,India,34955
2020-07-30,191,India,35718
2020-07-31,192,India,36511
2020-08-01,193,India,37364
2020-08-02,194,India,38135
2020-08-03,195,India,38938
2020-08-04,196,India,39795
2020-08-05,197,India,40699
2020-08-06,198,India,41585
2020-08-07,199,India,42518
2020-08-08,200,India,43379
2020-08-09,201,India,44386
2020-08-10,202,India,45257
2020-08-11,203,India,46091
2020-08-12,204,India,47033
2020-08-13,205,India,48040
2020-08-14,206,India,49036
2020-08-15,207,India,49980
2020-08-16,208,India,50921
2020-08-17,209,India,51797
2020-08-18,210,India,52888
2020-08-19,211,India,53866
2020-08-20,212,India,54849
2020-08-21,213,India,55794
2020-08-22,214,India,56706
2020-08-23,215,India,57542
2020-08-24,216,India,58390
2020-08-25,217,India,59357
2020-08-26,218,India,60472
2020-08-27,219,India,61529
2020-08-28,220,India,62550
2020-08-29,221,India,63498
2020-08-30,222,India,64469
2020-08-31,223,India,65288
2020-09-01,224,India,66333
2020-09-02,225,India,67376
2020-09-03,226,India,68472
2020-09-04,227,India,69561
2020-09-05,228,India,70626
2020-09-06,229,India,71642
2020-09-07,230,India,72775
2020-09-08,231,India,73890
2020-09-09,232,India,75062
2020-09-10,233,India,76271
2020-09-11,234,India,77472
2020-09-12,235,India,78586
2020-09-13,236,India,79722
2020-09-14,237,India,80776
2020-09-15,238,India,82066
2020-09-16,239,India,83198
2020-09-17,240,India,84372
2020-09-18,241,India,85619
2020-09-19,242,India,86752
2020-09-20,243,India,87882
2020-09-21,244,India,88935
2020-01-22,1,Iran,0.1
2020-01-23,2,Iran,0.1
2020-01-24,3,Iran,0.1
2020-01-25,4,Iran,0.1
2020-01-26,5,Iran,0.1
2020-01-27,6,Iran,0.1
2020-01-28,7,Iran,0.1
2020-01-29,8,Iran,0.1
2020-01-30,9,Iran,0.1
2020-01-31,10,Iran,0.1
2020-02-01,11,Iran,0.1
2020-02-02,12,Iran,0.1
2020-02-03,13,Iran,0.1
2020-02-04,14,Iran,0.1
2020-02-05,15,Iran,0.1
2020-02-06,16,Iran,0.1
2020-02-07,17,Iran,0.1
2020-02-08,18,Iran,0.1
2020-02-09,19,Iran,0.1
2020-02-10,20,Iran,0.1
2020-02-11,21,Iran,0.1
2020-02-12,22,Iran,0.1
2020-02-13,23,Iran,0.1
2020-02-14,24,Iran,0.1
2020-02-15,25,Iran,0.1
2020-02-16,26,Iran,0.1
2020-02-17,27,Iran,0.1
2020-02-18,28,Iran,0.1
2020-02-19,29,Iran,2
2020-02-20,30,Iran,2
2020-02-21,31,Iran,4
2020-02-22,32,Iran,5
2020-02-23,33,Iran,8
2020-02-24,34,Iran,12
2020-02-25,35,Iran,16
2020-02-26,36,Iran,19
2020-02-27,37,Iran,26
2020-02-28,38,Iran,34
2020-02-29,39,Iran,43
2020-03-01,40,Iran,54
2020-03-02,41,Iran,66
2020-03-03,42,Iran,77
2020-03-04,43,Iran,92
2020-03-05,44,Iran,107
2020-03-06,45,Iran,124
2020-03-07,46,Iran,145
2020-03-08,47,Iran,194
2020-03-09,48,Iran,237
2020-03-10,49,Iran,291
2020-03-11,50,Iran,354
2020-03-12,51,Iran,429
2020-03-13,52,Iran,514
2020-03-14,53,Iran,611
2020-03-15,54,Iran,724
2020-03-16,55,Iran,853
2020-03-17,56,Iran,988
2020-03-18,57,Iran,1135
2020-03-19,58,Iran,1284
2020-03-20,59,Iran,1433
2020-03-21,60,Iran,1556
2020-03-22,61,Iran,1685
2020-03-23,62,Iran,1812
2020-03-24,63,Iran,1934
2020-03-25,64,Iran,2077
2020-03-26,65,Iran,2234
2020-03-27,66,Iran,2378
2020-03-28,67,Iran,2517
2020-03-29,68,Iran,2640
2020-03-30,69,Iran,2757
2020-03-31,70,Iran,2898
2020-04-01,71,Iran,3036
2020-04-02,72,Iran,3160
2020-04-03,73,Iran,3294
2020-04-04,74,Iran,3452
2020-04-05,75,Iran,3603
2020-04-06,76,Iran,3739
2020-04-07,77,Iran,3872
2020-04-08,78,Iran,3993
2020-04-09,79,Iran,4110
2020-04-10,80,Iran,4232
2020-04-11,81,Iran,4357
2020-04-12,82,Iran,4474
2020-04-13,83,Iran,4585
2020-04-14,84,Iran,4683
2020-04-15,85,Iran,4777
2020-04-16,86,Iran,4869
2020-04-17,87,Iran,4958
2020-04-18,88,Iran,5031
2020-04-19,89,Iran,5118
2020-04-20,90,Iran,5209
2020-04-21,91,Iran,5297
2020-04-22,92,Iran,5391
2020-04-23,93,Iran,5481
2020-04-24,94,Iran,5574
2020-04-25,95,Iran,5650
2020-04-26,96,Iran,5710
2020-04-27,97,Iran,5806
2020-04-28,98,Iran,5877
2020-04-29,99,Iran,5957
2020-04-30,100,Iran,6028
2020-05-01,101,Iran,6091
2020-05-02,102,Iran,6156
2020-05-03,103,Iran,6203
2020-05-04,104,Iran,6277
2020-05-05,105,Iran,6340
2020-05-06,106,Iran,6418
2020-05-07,107,Iran,6486
2020-05-08,108,Iran,6541
2020-05-09,109,Iran,6589
2020-05-10,110,Iran,6640
2020-05-11,111,Iran,6685
2020-05-12,112,Iran,6733
2020-05-13,113,Iran,6783
2020-05-14,114,Iran,6854
2020-05-15,115,Iran,6902
2020-05-16,116,Iran,6937
2020-05-17,117,Iran,6988
2020-05-18,118,Iran,7057
2020-05-19,119,Iran,7119
2020-05-20,120,Iran,7183
2020-05-21,121,Iran,7249
2020-05-22,122,Iran,7300
2020-05-23,123,Iran,7359
2020-05-24,124,Iran,7417
2020-05-25,125,Iran,7451
2020-05-26,126,Iran,7508
2020-05-27,127,Iran,7564
2020-05-28,128,Iran,7627
2020-05-29,129,Iran,7677
2020-05-30,130,Iran,7734
2020-05-31,131,Iran,7797
2020-06-01,132,Iran,7878
2020-06-02,133,Iran,7942
2020-06-03,134,Iran,8012
2020-06-04,135,Iran,8071
2020-06-05,136,Iran,8134
2020-06-06,137,Iran,8209
2020-06-07,138,Iran,8281
2020-06-08,139,Iran,8351
2020-06-09,140,Iran,8425
2020-06-10,141,Iran,8506
2020-06-11,142,Iran,8584
2020-06-12,143,Iran,8659
2020-06-13,144,Iran,8730
2020-06-14,145,Iran,8837
2020-06-15,146,Iran,8950
2020-06-16,147,Iran,9065
2020-06-17,148,Iran,9185
2020-06-18,149,Iran,9272
2020-06-19,150,Iran,9392
2020-06-20,151,Iran,9507
2020-06-21,152,Iran,9623
2020-06-22,153,Iran,9742
2020-06-23,154,Iran,9863
2020-06-24,155,Iran,9996
2020-06-25,156,Iran,10130
2020-06-26,157,Iran,10239
2020-06-27,158,Iran,10364
2020-06-28,159,Iran,10508
2020-06-29,160,Iran,10670
2020-06-30,161,Iran,10817
2020-07-01,162,Iran,10958
2020-07-02,163,Iran,11106
2020-07-03,164,Iran,11260
2020-07-04,165,Iran,11408
2020-07-05,166,Iran,11571
2020-07-06,167,Iran,11731
2020-07-07,168,Iran,11931
2020-07-08,169,Iran,12084
2020-07-09,170,Iran,12305
2020-07-10,171,Iran,12447
2020-07-11,172,Iran,12635
2020-07-12,173,Iran,12829
2020-07-13,174,Iran,13032
2020-07-14,175,Iran,13211
2020-07-15,176,Iran,13410
2020-07-16,177,Iran,13608
2020-07-17,178,Iran,13791
2020-07-18,179,Iran,13979
2020-07-19,180,Iran,14188
2020-07-20,181,Iran,14405
2020-07-21,182,Iran,14634
2020-07-22,183,Iran,14853
2020-07-23,184,Iran,15074
2020-07-24,185,Iran,15289
2020-07-25,186,Iran,15484
2020-07-26,187,Iran,15700
2020-07-27,188,Iran,15912
2020-07-28,189,Iran,16147
2020-07-29,190,Iran,16343
2020-07-30,191,Iran,16569
2020-07-31,192,Iran,16766
2020-08-01,193,Iran,16982
2020-08-02,194,Iran,17190
2020-08-03,195,Iran,17405
2020-08-04,196,Iran,17617
2020-08-05,197,Iran,17802
2020-08-06,198,Iran,17976
2020-08-07,199,Iran,18132
2020-08-08,200,Iran,18264
2020-08-09,201,Iran,18427
2020-08-10,202,Iran,18616
2020-08-11,203,Iran,18800
2020-08-12,204,Iran,18988
2020-08-13,205,Iran,19162
2020-08-14,206,Iran,19331
2020-08-15,207,Iran,19492
2020-08-16,208,Iran,19639
2020-08-17,209,Iran,19804
2020-08-18,210,Iran,19972
2020-08-19,211,Iran,20125
2020-08-20,212,Iran,20264
2020-08-21,213,Iran,20376
2020-08-22,214,Iran,20502
2020-08-23,215,Iran,20643
2020-08-24,216,Iran,20776
2020-08-25,217,Iran,20901
2020-08-26,218,Iran,21020
2020-08-27,219,Iran,21137
2020-08-28,220,Iran,21249
2020-08-29,221,Iran,21359
2020-08-30,222,Iran,21462
2020-08-31,223,Iran,21571
2020-09-01,224,Iran,21672
2020-09-02,225,Iran,21797
2020-09-03,226,Iran,21926
2020-09-04,227,Iran,22044
2020-09-05,228,Iran,22154
2020-09-06,229,Iran,22293
2020-09-07,230,Iran,22410
2020-09-08,231,Iran,22542
2020-09-09,232,Iran,22669
2020-09-10,233,Iran,22798
2020-09-11,234,Iran,22913
2020-09-12,235,Iran,23029
2020-09-13,236,Iran,23157
2020-09-14,237,Iran,23313
2020-09-15,238,Iran,23453
2020-09-16,239,Iran,23632
2020-09-17,240,Iran,23808
2020-09-18,241,Iran,23952
2020-09-19,242,Iran,24118
2020-09-20,243,Iran,24301
2020-09-21,244,Iran,24478
2020-01-22,1,Italy,0.1
2020-01-23,2,Italy,0.1
2020-01-24,3,Italy,0.1
2020-01-25,4,Italy,0.1
2020-01-26,5,Italy,0.1
2020-01-27,6,Italy,0.1
2020-01-28,7,Italy,0.1
2020-01-29,8,Italy,0.1
2020-01-30,9,Italy,0.1
2020-01-31,10,Italy,0.1
2020-02-01,11,Italy,0.1
2020-02-02,12,Italy,0.1
2020-02-03,13,Italy,0.1
2020-02-04,14,Italy,0.1
2020-02-05,15,Italy,0.1
2020-02-06,16,Italy,0.1
2020-02-07,17,Italy,0.1
2020-02-08,18,Italy,0.1
2020-02-09,19,Italy,0.1
2020-02-10,20,Italy,0.1
2020-02-11,21,Italy,0.1
2020-02-12,22,Italy,0.1
2020-02-13,23,Italy,0.1
2020-02-14,24,Italy,0.1
2020-02-15,25,Italy,0.1
2020-02-16,26,Italy,0.1
2020-02-17,27,Italy,0.1
2020-02-18,28,Italy,0.1
2020-02-19,29,Italy,0.1
2020-02-20,30,Italy,0.1
2020-02-21,31,Italy,1
2020-02-22,32,Italy,2
2020-02-23,33,Italy,3
2020-02-24,34,Italy,7
2020-02-25,35,Italy,10
2020-02-26,36,Italy,12
2020-02-27,37,Italy,17
2020-02-28,38,Italy,21
2020-02-29,39,Italy,29
2020-03-01,40,Italy,34
2020-03-02,41,Italy,52
2020-03-03,42,Italy,79
2020-03-04,43,Italy,107
2020-03-05,44,Italy,148
2020-03-06,45,Italy,197
2020-03-07,46,Italy,233
2020-03-08,47,Italy,366
2020-03-09,48,Italy,463
2020-03-10,49,Italy,631
2020-03-11,50,Italy,827
2020-03-12,51,Italy,1016
2020-03-13,52,Italy,1266
2020-03-14,53,Italy,1441
2020-03-15,54,Italy,1809
2020-03-16,55,Italy,2158
2020-03-17,56,Italy,2503
2020-03-18,57,Italy,2978
2020-03-19,58,Italy,3405
2020-03-20,59,Italy,4032
2020-03-21,60,Italy,4825
2020-03-22,61,Italy,5476
2020-03-23,62,Italy,6077
2020-03-24,63,Italy,6820
2020-03-25,64,Italy,7503
2020-03-26,65,Italy,8215
2020-03-27,66,Italy,9134
2020-03-28,67,Italy,10023
2020-03-29,68,Italy,10779
2020-03-30,69,Italy,11591
2020-03-31,70,Italy,12428
2020-04-01,71,Italy,13155
2020-04-02,72,Italy,13915
2020-04-03,73,Italy,14681
2020-04-04,74,Italy,15362
2020-04-05,75,Italy,15887
2020-04-06,76,Italy,16523
2020-04-07,77,Italy,17127
2020-04-08,78,Italy,17669
2020-04-09,79,Italy,18279
2020-04-10,80,Italy,18849
2020-04-11,81,Italy,19468
2020-04-12,82,Italy,19899
2020-04-13,83,Italy,20465
2020-04-14,84,Italy,21067
2020-04-15,85,Italy,21645
2020-04-16,86,Italy,22170
2020-04-17,87,Italy,22745
2020-04-18,88,Italy,23227
2020-04-19,89,Italy,23660
2020-04-20,90,Italy,24114
2020-04-21,91,Italy,24648
2020-04-22,92,Italy,25085
2020-04-23,93,Italy,25549
2020-04-24,94,Italy,25969
2020-04-25,95,Italy,26384
2020-04-26,96,Italy,26644
2020-04-27,97,Italy,26977
2020-04-28,98,Italy,27359
2020-04-29,99,Italy,27682
2020-04-30,100,Italy,27967
2020-05-01,101,Italy,28236
2020-05-02,102,Italy,28710
2020-05-03,103,Italy,28884
2020-05-04,104,Italy,29079
2020-05-05,105,Italy,29315
2020-05-06,106,Italy,29684
2020-05-07,107,Italy,29958
2020-05-08,108,Italy,30201
2020-05-09,109,Italy,30395
2020-05-10,110,Italy,30560
2020-05-11,111,Italy,30739
2020-05-12,112,Italy,30911
2020-05-13,113,Italy,31106
2020-05-14,114,Italy,31368
2020-05-15,115,Italy,31610
2020-05-16,116,Italy,31763
2020-05-17,117,Italy,31908
2020-05-18,118,Italy,32007
2020-05-19,119,Italy,32169
2020-05-20,120,Italy,32330
2020-05-21,121,Italy,32486
2020-05-22,122,Italy,32616
2020-05-23,123,Italy,32735
2020-05-24,124,Italy,32785
2020-05-25,125,Italy,32877
2020-05-26,126,Italy,32955
2020-05-27,127,Italy,33072
2020-05-28,128,Italy,33142
2020-05-29,129,Italy,33229
2020-05-30,130,Italy,33340
2020-05-31,131,Italy,33415
2020-06-01,132,Italy,33475
2020-06-02,133,Italy,33530
2020-06-03,134,Italy,33601
2020-06-04,135,Italy,33689
2020-06-05,136,Italy,33774
2020-06-06,137,Italy,33846
2020-06-07,138,Italy,33899
2020-06-08,139,Italy,33964
2020-06-09,140,Italy,34043
2020-06-10,141,Italy,34114
2020-06-11,142,Italy,34167
2020-06-12,143,Italy,34223
2020-06-13,144,Italy,34301
2020-06-14,145,Italy,34345
2020-06-15,146,Italy,34371
2020-06-16,147,Italy,34405
2020-06-17,148,Italy,34448
2020-06-18,149,Italy,34514
2020-06-19,150,Italy,34561
2020-06-20,151,Italy,34610
2020-06-21,152,Italy,34634
2020-06-22,153,Italy,34657
2020-06-23,154,Italy,34675
2020-06-24,155,Italy,34644
2020-06-25,156,Italy,34678
2020-06-26,157,Italy,34708
2020-06-27,158,Italy,34716
2020-06-28,159,Italy,34738
2020-06-29,160,Italy,34744
2020-06-30,161,Italy,34767
2020-07-01,162,Italy,34788
2020-07-02,163,Italy,34818
2020-07-03,164,Italy,34833
2020-07-04,165,Italy,34854
2020-07-05,166,Italy,34861
2020-07-06,167,Italy,34869
2020-07-07,168,Italy,34899
2020-07-08,169,Italy,34914
2020-07-09,170,Italy,34926
2020-07-10,171,Italy,34938
2020-07-11,172,Italy,34945
2020-07-12,173,Italy,34954
2020-07-13,174,Italy,34967
2020-07-14,175,Italy,34984
2020-07-15,176,Italy,34997
2020-07-16,177,Italy,35017
2020-07-17,178,Italy,35028
2020-07-18,179,Italy,35042
2020-07-19,180,Italy,35045
2020-07-20,181,Italy,35058
2020-07-21,182,Italy,35073
2020-07-22,183,Italy,35082
2020-07-23,184,Italy,35092
2020-07-24,185,Italy,35097
2020-07-25,186,Italy,35102
2020-07-26,187,Italy,35107
2020-07-27,188,Italy,35112
2020-07-28,189,Italy,35123
2020-07-29,190,Italy,35129
2020-07-30,191,Italy,35132
2020-07-31,192,Italy,35141
2020-08-01,193,Italy,35146
2020-08-02,194,Italy,35154
2020-08-03,195,Italy,35166
2020-08-04,196,Italy,35171
2020-08-05,197,Italy,35181
2020-08-06,198,Italy,35187
2020-08-07,199,Italy,35190
2020-08-08,200,Italy,35203
2020-08-09,201,Italy,35205
2020-08-10,202,Italy,35209
2020-08-11,203,Italy,35215
2020-08-12,204,Italy,35225
2020-08-13,205,Italy,35231
2020-08-14,206,Italy,35234
2020-08-15,207,Italy,35392
2020-08-16,208,Italy,35396
2020-08-17,209,Italy,35400
2020-08-18,210,Italy,35405
2020-08-19,211,Italy,35412
2020-08-20,212,Italy,35418
2020-08-21,213,Italy,35427
2020-08-22,214,Italy,35430
2020-08-23,215,Italy,35437
2020-08-24,216,Italy,35441
2020-08-25,217,Italy,35445
2020-08-26,218,Italy,35458
2020-08-27,219,Italy,35463
2020-08-28,220,Italy,35472
2020-08-29,221,Italy,35473
2020-08-30,222,Italy,35477
2020-08-31,223,Italy,35483
2020-09-01,224,Italy,35491
2020-09-02,225,Italy,35497
2020-09-03,226,Italy,35507
2020-09-04,227,Italy,35518
2020-09-05,228,Italy,35534
2020-09-06,229,Italy,35541
2020-09-07,230,Italy,35553
2020-09-08,231,Italy,35563
2020-09-09,232,Italy,35577
2020-09-10,233,Italy,35587
2020-09-11,234,Italy,35597
2020-09-12,235,Italy,35603
2020-09-13,236,Italy,35610
2020-09-14,237,Italy,35624
2020-09-15,238,Italy,35633
2020-09-16,239,Italy,35645
2020-09-17,240,Italy,35658
2020-09-18,241,Italy,35668
2020-09-19,242,Italy,35692
2020-09-20,243,Italy,35707
2020-09-21,244,Italy,35724
2020-01-22,1,NL,0.1
2020-01-23,2,NL,0.1
2020-01-24,3,NL,0.1
2020-01-25,4,NL,0.1
2020-01-26,5,NL,0.1
2020-01-27,6,NL,0.1
2020-01-28,7,NL,0.1
2020-01-29,8,NL,0.1
2020-01-30,9,NL,0.1
2020-01-31,10,NL,0.1
2020-02-01,11,NL,0.1
2020-02-02,12,NL,0.1
2020-02-03,13,NL,0.1
2020-02-04,14,NL,0.1
2020-02-05,15,NL,0.1
2020-02-06,16,NL,0.1
2020-02-07,17,NL,0.1
2020-02-08,18,NL,0.1
2020-02-09,19,NL,0.1
2020-02-10,20,NL,0.1
2020-02-11,21,NL,0.1
2020-02-12,22,NL,0.1
2020-02-13,23,NL,0.1
2020-02-14,24,NL,0.1
2020-02-15,25,NL,0.1
2020-02-16,26,NL,0.1
2020-02-17,27,NL,0.1
2020-02-18,28,NL,0.1
2020-02-19,29,NL,0.1
2020-02-20,30,NL,0.1
2020-02-21,31,NL,0.1
2020-02-22,32,NL,0.1
2020-02-23,33,NL,0.1
2020-02-24,34,NL,0.1
2020-02-25,35,NL,0.1
2020-02-26,36,NL,0.1
2020-02-27,37,NL,0.1
2020-02-28,38,NL,0.1
2020-02-29,39,NL,0.1
2020-03-01,40,NL,0.1
2020-03-02,41,NL,0.1
2020-03-03,42,NL,0.1
2020-03-04,43,NL,0.1
2020-03-05,44,NL,0.1
2020-03-06,45,NL,1
2020-03-07,46,NL,1
2020-03-08,47,NL,3
2020-03-09,48,NL,3
2020-03-10,49,NL,4
2020-03-11,50,NL,5
2020-03-12,51,NL,5
2020-03-13,52,NL,10
2020-03-14,53,NL,12
2020-03-15,54,NL,20
2020-03-16,55,NL,24
2020-03-17,56,NL,43
2020-03-18,57,NL,58
2020-03-19,58,NL,77
2020-03-20,59,NL,107
2020-03-21,60,NL,137
2020-03-22,61,NL,180
2020-03-23,62,NL,214
2020-03-24,63,NL,277
2020-03-25,64,NL,357
2020-03-26,65,NL,435
2020-03-27,66,NL,547
2020-03-28,67,NL,640
2020-03-29,68,NL,772
2020-03-30,69,NL,865
2020-03-31,70,NL,1040
2020-04-01,71,NL,1175
2020-04-02,72,NL,1341
2020-04-03,73,NL,1490
2020-04-04,74,NL,1656
2020-04-05,75,NL,1771
2020-04-06,76,NL,1874
2020-04-07,77,NL,2108
2020-04-08,78,NL,2255
2020-04-09,79,NL,2403
2020-04-10,80,NL,2520
2020-04-11,81,NL,2653
2020-04-12,82,NL,2747
2020-04-13,83,NL,2833
2020-04-14,84,NL,2955
2020-04-15,85,NL,3145
2020-04-16,86,NL,3327
2020-04-17,87,NL,3471
2020-04-18,88,NL,3613
2020-04-19,89,NL,3697
2020-04-20,90,NL,3764
2020-04-21,91,NL,3929
2020-04-22,92,NL,4068
2020-04-23,93,NL,4192
2020-04-24,94,NL,4304
2020-04-25,95,NL,4424
2020-04-26,96,NL,4491
2020-04-27,97,NL,4534
2020-04-28,98,NL,4582
2020-04-29,99,NL,4727
2020-04-30,100,NL,4811
2020-05-01,101,NL,4909
2020-05-02,102,NL,5003
2020-05-03,103,NL,5072
2020-05-04,104,NL,5098
2020-05-05,105,NL,5185
2020-05-06,106,NL,5221
2020-05-07,107,NL,5306
2020-05-08,108,NL,5377
2020-05-09,109,NL,5441
2020-05-10,110,NL,5459
2020-05-11,111,NL,5475
2020-05-12,112,NL,5529
2020-05-13,113,NL,5581
2020-05-14,114,NL,5609
2020-05-15,115,NL,5662
2020-05-16,116,NL,5689
2020-05-17,117,NL,5699
2020-05-18,118,NL,5713
2020-05-19,119,NL,5734
2020-05-20,120,NL,5767
2020-05-21,121,NL,5794
2020-05-22,122,NL,5807
2020-05-23,123,NL,5830
2020-05-24,124,NL,5841
2020-05-25,125,NL,5849
2020-05-26,126,NL,5875
2020-05-27,127,NL,5890
2020-05-28,128,NL,5922
2020-05-29,129,NL,5950
2020-05-30,130,NL,5970
2020-05-31,131,NL,5975
2020-06-01,132,NL,5981
2020-06-02,133,NL,5986
2020-06-03,134,NL,5996
2020-06-04,135,NL,6009
2020-06-05,136,NL,6024
2020-06-06,137,NL,6030
2020-06-07,138,NL,6032
2020-06-08,139,NL,6035
2020-06-09,140,NL,6050
2020-06-10,141,NL,6061
2020-06-11,142,NL,6063
2020-06-12,143,NL,6072
2020-06-13,144,NL,6076
2020-06-14,145,NL,6078
2020-06-15,146,NL,6084
2020-06-16,147,NL,6089
2020-06-17,148,NL,6093
2020-06-18,149,NL,6097
2020-06-19,150,NL,6100
2020-06-20,151,NL,6108
2020-06-21,152,NL,6109
2020-06-22,153,NL,6109
2020-06-23,154,NL,6114
2020-06-24,155,NL,6116
2020-06-25,156,NL,6119
2020-06-26,157,NL,6122
2020-06-27,158,NL,6124
2020-06-28,159,NL,6124
2020-06-29,160,NL,6126
2020-06-30,161,NL,6132
2020-07-01,162,NL,6134
2020-07-02,163,NL,6137
2020-07-03,164,NL,6139
2020-07-04,165,NL,6145
2020-07-05,166,NL,6146
2020-07-06,167,NL,6147
2020-07-07,168,NL,6151
2020-07-08,169,NL,6154
2020-07-09,170,NL,6156
2020-07-10,171,NL,6155
2020-07-11,172,NL,6156
2020-07-12,173,NL,6156
2020-07-13,174,NL,6156
2020-07-14,175,NL,6154
2020-07-15,176,NL,6155
2020-07-16,177,NL,6156
2020-07-17,178,NL,6157
2020-07-18,179,NL,6155
2020-07-19,180,NL,6155
2020-07-20,181,NL,6155
2020-07-21,182,NL,6155
2020-07-22,183,NL,6158
2020-07-23,184,NL,6158
2020-07-24,185,NL,6158
2020-07-25,186,NL,6159
2020-07-26,187,NL,6178
2020-07-27,188,NL,6160
2020-07-28,189,NL,6164
2020-07-29,190,NL,6166
2020-07-30,191,NL,6166
2020-07-31,192,NL,6166
2020-08-01,193,NL,6167
2020-08-02,194,NL,6169
2020-08-03,195,NL,6169
2020-08-04,196,NL,6170
2020-08-05,197,NL,6173
2020-08-06,198,NL,6173
2020-08-07,199,NL,6174
2020-08-08,200,NL,6178
2020-08-09,201,NL,6178
2020-08-10,202,NL,6178
2020-08-11,203,NL,6162
2020-08-12,204,NL,6182
2020-08-13,205,NL,6187
2020-08-14,206,NL,6189
2020-08-15,207,NL,6191
2020-08-16,208,NL,6194
2020-08-17,209,NL,6194
2020-08-18,210,NL,6197
2020-08-19,211,NL,6204
2020-08-20,212,NL,6215
2020-08-21,213,NL,6219
2020-08-22,214,NL,6225
2020-08-23,215,NL,6225
2020-08-24,216,NL,6227
2020-08-25,217,NL,6233
2020-08-26,218,NL,6241
2020-08-27,219,NL,6244
2020-08-28,220,NL,6247
2020-08-29,221,NL,6252
2020-08-30,222,NL,6252
2020-08-31,223,NL,6252
2020-09-01,224,NL,6260
2020-09-02,225,NL,6267
2020-09-03,226,NL,6268
2020-09-04,227,NL,6270
2020-09-05,228,NL,6275
2020-09-06,229,NL,6277
2020-09-07,230,NL,6278
2020-09-08,231,NL,6279
2020-09-09,232,NL,6281
2020-09-10,233,NL,6285
2020-09-11,234,NL,6290
2020-09-12,235,NL,6291
2020-09-13,236,NL,6292
2020-09-14,237,NL,6296
2020-09-15,238,NL,6300
2020-09-16,239,NL,6303
2020-09-17,240,NL,6310
2020-09-18,241,NL,6318
2020-09-19,242,NL,6320
2020-09-20,243,NL,6324
2020-09-21,244,NL,6327
2020-01-22,1,Other,0.1
2020-01-23,2,Other,0.1
2020-01-24,3,Other,0.1
2020-01-25,4,Other,0.1
2020-01-26,5,Other,0.1
2020-01-27,6,Other,0.1
2020-01-28,7,Other,0.1
2020-01-29,8,Other,0.1
2020-01-30,9,Other,0.1
2020-01-31,10,Other,0.1
2020-02-01,11,Other,0.1
2020-02-02,12,Other,1
2020-02-03,13,Other,1
2020-02-04,14,Other,1
2020-02-05,15,Other,1
2020-02-06,16,Other,1
2020-02-07,17,Other,1
2020-02-08,18,Other,1
2020-02-09,19,Other,1
2020-02-10,20,Other,1
2020-02-11,21,Other,1
2020-02-12,22,Other,1
2020-02-13,23,Other,2
2020-02-14,24,Other,2
2020-02-15,25,Other,3
2020-02-16,26,Other,4
2020-02-17,27,Other,4
2020-02-18,28,Other,5
2020-02-19,29,Other,5
2020-02-20,30,Other,8
2020-02-21,31,Other,9
2020-02-22,32,Other,9
2020-02-23,33,Other,14
2020-02-24,34,Other,16
2020-02-25,35,Other,19
2020-02-26,36,Other,23
2020-02-27,37,Other,25
2020-02-28,38,Other,28
2020-02-29,39,Other,32
2020-03-01,40,Other,35
2020-03-02,41,Other,47
2020-03-03,42,Other,50
2020-03-04,43,Other,62
2020-03-05,44,Other,66
2020-03-06,45,Other,80
2020-03-07,46,Other,91
2020-03-08,47,Other,119
2020-03-09,48,Other,139
2020-03-10,49,Other,173
2020-03-11,50,Other,229
2020-03-12,51,Other,249
2020-03-13,52,Other,388
2020-03-14,53,Other,512
2020-03-15,54,Other,640
2020-03-16,55,Other,794
2020-03-17,56,Other,1050
2020-03-18,57,Other,1236
2020-03-19,58,Other,1658
2020-03-20,59,Other,2210
2020-03-21,60,Other,2862
2020-03-22,61,Other,3562
2020-03-23,62,Other,4518
2020-03-24,63,Other,5587
2020-03-25,64,Other,7097
2020-03-26,65,Other,8690
2020-03-27,66,Other,10427
2020-03-28,67,Other,12312
2020-03-29,68,Other,14092
2020-03-30,69,Other,16330
2020-03-31,70,Other,18717
2020-04-01,71,Other,21870
2020-04-02,72,Other,25328
2020-04-03,73,Other,28854
2020-04-04,74,Other,32232
2020-04-05,75,Other,34853
2020-04-06,76,Other,37896
2020-04-07,77,Other,42278
2020-04-08,78,Other,45765
2020-04-09,79,Other,50101
2020-04-10,80,Other,54130
2020-04-11,81,Other,57070
2020-04-12,82,Other,60128
2020-04-13,83,Other,63020
2020-04-14,84,Other,66234
2020-04-15,85,Other,70679
2020-04-16,86,Other,74578
2020-04-17,87,Other,78256
2020-04-18,88,Other,81060
2020-04-19,89,Other,83401
2020-04-20,90,Other,86110
2020-04-21,91,Other,89424
2020-04-22,92,Other,92516
2020-04-23,93,Other,95451
2020-04-24,94,Other,98534
2020-04-25,95,Other,101143
2020-04-26,96,Other,102846
2020-04-27,97,Other,104920
2020-04-28,98,Other,107792
2020-04-29,99,Other,110493
2020-04-30,100,Other,112630
2020-05-01,101,Other,114626
2020-05-02,102,Other,117017
2020-05-03,103,Other,118394
2020-05-04,104,Other,120044
2020-05-05,105,Other,122029
2020-05-06,106,Other,124533
2020-05-07,107,Other,126242
2020-05-08,108,Other,128199
2020-05-09,109,Other,129384
2020-05-10,110,Other,130898
2020-05-11,111,Other,132146
2020-05-12,112,Other,134213
2020-05-13,113,Other,135742
2020-05-14,114,Other,137379
2020-05-15,115,Other,138794
2020-05-16,116,Other,140030
2020-05-17,117,Other,141279
2020-05-18,118,Other,142275
2020-05-19,119,Other,143259
2020-05-20,120,Other,144451
2020-05-21,121,Other,145572
2020-05-22,122,Other,147326
2020-05-23,123,Other,148220
2020-05-24,124,Other,149221
2020-05-25,125,Other,148171
2020-05-26,126,Other,149304
2020-05-27,127,Other,150538
2020-05-28,128,Other,151623
2020-05-29,129,Other,152630
2020-05-30,130,Other,153558
2020-05-31,131,Other,154415
2020-06-01,132,Other,155084
2020-06-02,133,Other,156204
2020-06-03,134,Other,157292
2020-06-04,135,Other,158188
2020-06-05,136,Other,159310
2020-06-06,137,Other,160237
2020-06-07,138,Other,160929
2020-06-08,139,Other,161720
2020-06-09,140,Other,162833
2020-06-10,141,Other,163814
2020-06-11,142,Other,164652
2020-06-12,143,Other,165588
2020-06-13,144,Other,166551
2020-06-14,145,Other,167467
2020-06-15,146,Other,168453
2020-06-16,147,Other,169644
2020-06-17,148,Other,170724
2020-06-18,149,Other,171871
2020-06-19,150,Other,174211
2020-06-20,151,Other,175252
2020-06-21,152,Other,176149
2020-06-22,153,Other,177032
2020-06-23,154,Other,178195
2020-06-24,155,Other,179291
2020-06-25,156,Other,180453
2020-06-26,157,Other,181680
2020-06-27,158,Other,182629
2020-06-28,159,Other,183582
2020-06-29,160,Other,184717
2020-06-30,161,Other,185836
2020-07-01,162,Other,187127
2020-07-02,163,Other,188380
2020-07-03,164,Other,189504
2020-07-04,165,Other,190613
2020-07-05,166,Other,191770
2020-07-06,167,Other,192999
2020-07-07,168,Other,194398
2020-07-08,169,Other,195550
2020-07-09,170,Other,196738
2020-07-10,171,Other,198100
2020-07-11,172,Other,199300
2020-07-12,173,Other,200701
2020-07-13,174,Other,201760
2020-07-14,175,Other,203042
2020-07-15,176,Other,204332
2020-07-16,177,Other,205681
2020-07-17,178,Other,207115
2020-07-18,179,Other,209122
2020-07-19,180,Other,210397
2020-07-20,181,Other,211797
2020-07-21,182,Other,213207
2020-07-22,183,Other,214989
2020-07-23,184,Other,216553
2020-07-24,185,Other,218094
2020-07-25,186,Other,219573
2020-07-26,187,Other,220690
2020-07-27,188,Other,222146
2020-07-28,189,Other,223812
2020-07-29,190,Other,225435
2020-07-30,191,Other,227167
2020-07-31,192,Other,228711
2020-08-01,193,Other,229912
2020-08-02,194,Other,231199
2020-08-03,195,Other,232685
2020-08-04,196,Other,234701
2020-08-05,197,Other,236428
2020-08-06,198,Other,238051
2020-08-07,199,Other,239664
2020-08-08,200,Other,241132
2020-08-09,201,Other,242482
2020-08-10,202,Other,244003
2020-08-11,203,Other,245681
2020-08-12,204,Other,247470
2020-08-13,205,Other,249043
2020-08-14,206,Other,250625
2020-08-15,207,Other,252091
2020-08-16,208,Other,253362
2020-08-17,209,Other,254662
2020-08-18,210,Other,256395
2020-08-19,211,Other,258325
2020-08-20,212,Other,259840
2020-08-21,213,Other,261233
2020-08-22,214,Other,262744
2020-08-23,215,Other,264046
2020-08-24,216,Other,265659
2020-08-25,217,Other,267408
2020-08-26,218,Other,269079
2020-08-27,219,Other,270764
2020-08-28,220,Other,272355
2020-08-29,221,Other,273858
2020-08-30,222,Other,275126
2020-08-31,223,Other,276635
2020-09-01,224,Other,278461
2020-09-02,225,Other,280144
2020-09-03,226,Other,281933
2020-09-04,227,Other,283651
2020-09-05,228,Other,285050
2020-09-06,229,Other,286265
2020-09-07,230,Other,293181
2020-09-08,231,Other,294651
2020-09-09,232,Other,296412
2020-09-10,233,Other,297978
2020-09-11,234,Other,299563
2020-09-12,235,Other,300902
2020-09-13,236,Other,302002
2020-09-14,237,Other,303805
2020-09-15,238,Other,305520
2020-09-16,239,Other,307354
2020-09-17,240,Other,309119
2020-09-18,241,Other,310658
2020-09-19,242,Other,312265
2020-09-20,243,Other,313554
2020-09-21,244,Other,315268
2020-01-22,1,Sweden,0.1
2020-01-23,2,Sweden,0.1
2020-01-24,3,Sweden,0.1
2020-01-25,4,Sweden,0.1
2020-01-26,5,Sweden,0.1
2020-01-27,6,Sweden,0.1
2020-01-28,7,Sweden,0.1
2020-01-29,8,Sweden,0.1
2020-01-30,9,Sweden,0.1
2020-01-31,10,Sweden,0.1
2020-02-01,11,Sweden,0.1
2020-02-02,12,Sweden,0.1
2020-02-03,13,Sweden,0.1
2020-02-04,14,Sweden,0.1
2020-02-05,15,Sweden,0.1
2020-02-06,16,Sweden,0.1
2020-02-07,17,Sweden,0.1
2020-02-08,18,Sweden,0.1
2020-02-09,19,Sweden,0.1
2020-02-10,20,Sweden,0.1
2020-02-11,21,Sweden,0.1
2020-02-12,22,Sweden,0.1
2020-02-13,23,Sweden,0.1
2020-02-14,24,Sweden,0.1
2020-02-15,25,Sweden,0.1
2020-02-16,26,Sweden,0.1
2020-02-17,27,Sweden,0.1
2020-02-18,28,Sweden,0.1
2020-02-19,29,Sweden,0.1
2020-02-20,30,Sweden,0.1
2020-02-21,31,Sweden,0.1
2020-02-22,32,Sweden,0.1
2020-02-23,33,Sweden,0.1
2020-02-24,34,Sweden,0.1
2020-02-25,35,Sweden,0.1
2020-02-26,36,Sweden,0.1
2020-02-27,37,Sweden,0.1
2020-02-28,38,Sweden,0.1
2020-02-29,39,Sweden,0.1
2020-03-01,40,Sweden,0.1
2020-03-02,41,Sweden,0.1
2020-03-03,42,Sweden,0.1
2020-03-04,43,Sweden,0.1
2020-03-05,44,Sweden,0.1
2020-03-06,45,Sweden,0.1
2020-03-07,46,Sweden,0.1
2020-03-08,47,Sweden,0.1
2020-03-09,48,Sweden,0.1
2020-03-10,49,Sweden,1
2020-03-11,50,Sweden,1
2020-03-12,51,Sweden,2
2020-03-13,52,Sweden,3
2020-03-14,53,Sweden,5
2020-03-15,54,Sweden,7
2020-03-16,55,Sweden,8
2020-03-17,56,Sweden,14
2020-03-18,57,Sweden,21
2020-03-19,58,Sweden,30
2020-03-20,59,Sweden,38
2020-03-21,60,Sweden,49
2020-03-22,61,Sweden,60
2020-03-23,62,Sweden,81
2020-03-24,63,Sweden,103
2020-03-25,64,Sweden,134
2020-03-26,65,Sweden,166
2020-03-27,66,Sweden,201
2020-03-28,67,Sweden,239
2020-03-29,68,Sweden,284
2020-03-30,69,Sweden,332
2020-03-31,70,Sweden,385
2020-04-01,71,Sweden,455
2020-04-02,72,Sweden,535
2020-04-03,73,Sweden,605
2020-04-04,74,Sweden,690
2020-04-05,75,Sweden,780
2020-04-06,76,Sweden,864
2020-04-07,77,Sweden,979
2020-04-08,78,Sweden,1065
2020-04-09,79,Sweden,1155
2020-04-10,80,Sweden,1258
2020-04-11,81,Sweden,1355
2020-04-12,82,Sweden,1440
2020-04-13,83,Sweden,1531
2020-04-14,84,Sweden,1646
2020-04-15,85,Sweden,1757
2020-04-16,86,Sweden,1839
2020-04-17,87,Sweden,1925
2020-04-18,88,Sweden,2013
2020-04-19,89,Sweden,2097
2020-04-20,90,Sweden,2159
2020-04-21,91,Sweden,2236
2020-04-22,92,Sweden,2322
2020-04-23,93,Sweden,2411
2020-04-24,94,Sweden,2484
2020-04-25,95,Sweden,2559
2020-04-26,96,Sweden,2632
2020-04-27,97,Sweden,2714
2020-04-28,98,Sweden,2798
2020-04-29,99,Sweden,2876
2020-04-30,100,Sweden,2954
2020-05-01,101,Sweden,3027
2020-05-02,102,Sweden,3102
2020-05-03,103,Sweden,3186
2020-05-04,104,Sweden,3258
2020-05-05,105,Sweden,3331
2020-05-06,106,Sweden,3411
2020-05-07,107,Sweden,3471
2020-05-08,108,Sweden,3540
2020-05-09,109,Sweden,3614
2020-05-10,110,Sweden,3678
2020-05-11,111,Sweden,3739
2020-05-12,112,Sweden,3789
2020-05-13,113,Sweden,3835
2020-05-14,114,Sweden,3893
2020-05-15,115,Sweden,3942
2020-05-16,116,Sweden,3995
2020-05-17,117,Sweden,4056
2020-05-18,118,Sweden,4096
2020-05-19,119,Sweden,4150
2020-05-20,120,Sweden,4204
2020-05-21,121,Sweden,4260
2020-05-22,122,Sweden,4316
2020-05-23,123,Sweden,4360
2020-05-24,124,Sweden,4402
2020-05-25,125,Sweden,4430
2020-05-26,126,Sweden,4469
2020-05-27,127,Sweden,4509
2020-05-28,128,Sweden,4549
2020-05-29,129,Sweden,4588
2020-05-30,130,Sweden,4633
2020-05-31,131,Sweden,4673
2020-06-01,132,Sweden,4710
2020-06-02,133,Sweden,4736
2020-06-03,134,Sweden,4781
2020-06-04,135,Sweden,4819
2020-06-05,136,Sweden,4850
2020-06-06,137,Sweden,4883
2020-06-07,138,Sweden,4921
2020-06-08,139,Sweden,4954
2020-06-09,140,Sweden,4994
2020-06-10,141,Sweden,5030
2020-06-11,142,Sweden,5060
2020-06-12,143,Sweden,5093
2020-06-13,144,Sweden,5120
2020-06-14,145,Sweden,5151
2020-06-15,146,Sweden,5179
2020-06-16,147,Sweden,5212
2020-06-17,148,Sweden,5241
2020-06-18,149,Sweden,5270
2020-06-19,150,Sweden,5299
2020-06-20,151,Sweden,5320
2020-06-21,152,Sweden,5341
2020-06-22,153,Sweden,5366
2020-06-23,154,Sweden,5388
2020-06-24,155,Sweden,5412
2020-06-25,156,Sweden,5424
2020-06-26,157,Sweden,5438
2020-06-27,158,Sweden,5460
2020-06-28,159,Sweden,5478
2020-06-29,160,Sweden,5498
2020-06-30,161,Sweden,5515
2020-07-01,162,Sweden,5530
2020-07-02,163,Sweden,5538
2020-07-03,164,Sweden,5553
2020-07-04,165,Sweden,5562
2020-07-05,166,Sweden,5578
2020-07-06,167,Sweden,5590
2020-07-07,168,Sweden,5601
2020-07-08,169,Sweden,5616
2020-07-09,170,Sweden,5630
2020-07-10,171,Sweden,5641
2020-07-11,172,Sweden,5650
2020-07-12,173,Sweden,5664
2020-07-13,174,Sweden,5672
2020-07-14,175,Sweden,5678
2020-07-15,176,Sweden,5686
2020-07-16,177,Sweden,5694
2020-07-17,178,Sweden,5705
2020-07-18,179,Sweden,5715
2020-07-19,180,Sweden,5722
2020-07-20,181,Sweden,5729
2020-07-21,182,Sweden,5736
2020-07-22,183,Sweden,5742
2020-07-23,184,Sweden,5746
2020-07-24,185,Sweden,5747
2020-07-25,186,Sweden,5749
2020-07-26,187,Sweden,5755
2020-07-27,188,Sweden,5759
2020-07-28,189,Sweden,5760
2020-07-29,190,Sweden,5760
2020-07-30,191,Sweden,5763
2020-07-31,192,Sweden,5766
2020-08-01,193,Sweden,5767
2020-08-02,194,Sweden,5772
2020-08-03,195,Sweden,5774
2020-08-04,196,Sweden,5775
2020-08-05,197,Sweden,5780
2020-08-06,198,Sweden,5783
2020-08-07,199,Sweden,5785
2020-08-08,200,Sweden,5789
2020-08-09,201,Sweden,5791
2020-08-10,202,Sweden,5795
2020-08-11,203,Sweden,5798
2020-08-12,204,Sweden,5803
2020-08-13,205,Sweden,5803
2020-08-14,206,Sweden,5804
2020-08-15,207,Sweden,5804
2020-08-16,208,Sweden,5806
2020-08-17,209,Sweden,5812
2020-08-18,210,Sweden,5813
2020-08-19,211,Sweden,5814
2020-08-20,212,Sweden,5815
2020-08-21,213,Sweden,5816
2020-08-22,214,Sweden,5816
2020-08-23,215,Sweden,5816
2020-08-24,216,Sweden,5816
2020-08-25,217,Sweden,5816
2020-08-26,218,Sweden,5816
2020-08-27,219,Sweden,5820
2020-08-28,220,Sweden,5821
2020-08-29,221,Sweden,5821
2020-08-30,222,Sweden,5821
2020-08-31,223,Sweden,5808
2020-09-01,224,Sweden,5813
2020-09-02,225,Sweden,5820
2020-09-03,226,Sweden,5832
2020-09-04,227,Sweden,5835
2020-09-05,228,Sweden,5835
2020-09-06,229,Sweden,5835
2020-09-07,230,Sweden,5837
2020-09-08,231,Sweden,5838
2020-09-09,232,Sweden,5842
2020-09-10,233,Sweden,5843
2020-09-11,234,Sweden,5846
2020-09-12,235,Sweden,5846
2020-09-13,236,Sweden,5846
2020-09-14,237,Sweden,5846
2020-09-15,238,Sweden,5851
2020-09-16,239,Sweden,5860
2020-09-17,240,Sweden,5864
2020-09-18,241,Sweden,5865
2020-09-19,242,Sweden,5865
2020-09-20,243,Sweden,5865
2020-09-21,244,Sweden,5865
2020-01-22,1,USA,0.1
2020-01-23,2,USA,0.1
2020-01-24,3,USA,0.1
2020-01-25,4,USA,0.1
2020-01-26,5,USA,0.1
2020-01-27,6,USA,0.1
2020-01-28,7,USA,0.1
2020-01-29,8,USA,0.1
2020-01-30,9,USA,0.1
2020-01-31,10,USA,0.1
2020-02-01,11,USA,0.1
2020-02-02,12,USA,0.1
2020-02-03,13,USA,0.1
2020-02-04,14,USA,0.1
2020-02-05,15,USA,0.1
2020-02-06,16,USA,0.1
2020-02-07,17,USA,0.1
2020-02-08,18,USA,0.1
2020-02-09,19,USA,0.1
2020-02-10,20,USA,0.1
2020-02-11,21,USA,0.1
2020-02-12,22,USA,0.1
2020-02-13,23,USA,0.1
2020-02-14,24,USA,0.1
2020-02-15,25,USA,0.1
2020-02-16,26,USA,0.1
2020-02-17,27,USA,0.1
2020-02-18,28,USA,0.1
2020-02-19,29,USA,0.1
2020-02-20,30,USA,0.1
2020-02-21,31,USA,0.1
2020-02-22,32,USA,0.1
2020-02-23,33,USA,0.1
2020-02-24,34,USA,0.1
2020-02-25,35,USA,0.1
2020-02-26,36,USA,0.1
2020-02-27,37,USA,0.1
2020-02-28,38,USA,0.1
2020-02-29,39,USA,1
2020-03-01,40,USA,1
2020-03-02,41,USA,6
2020-03-03,42,USA,7
2020-03-04,43,USA,11
2020-03-05,44,USA,12
2020-03-06,45,USA,14
2020-03-07,46,USA,17
2020-03-08,47,USA,21
2020-03-09,48,USA,22
2020-03-10,49,USA,28
2020-03-11,50,USA,33
2020-03-12,51,USA,43
2020-03-13,52,USA,51
2020-03-14,53,USA,58
2020-03-15,54,USA,70
2020-03-16,55,USA,97
2020-03-17,56,USA,132
2020-03-18,57,USA,191
2020-03-19,58,USA,265
2020-03-20,59,USA,364
2020-03-21,60,USA,463
2020-03-22,61,USA,573
2020-03-23,62,USA,762
2020-03-24,63,USA,1001
2020-03-25,64,USA,1325
2020-03-26,65,USA,1733
2020-03-27,66,USA,2253
2020-03-28,67,USA,2886
2020-03-29,68,USA,3472
2020-03-30,69,USA,4164
2020-03-31,70,USA,5249
2020-04-01,71,USA,6421
2020-04-02,72,USA,7924
2020-04-03,73,USA,9316
2020-04-04,74,USA,10839
2020-04-05,75,USA,12429
2020-04-06,76,USA,14199
2020-04-07,77,USA,16770
2020-04-08,78,USA,18916
2020-04-09,79,USA,21144
2020-04-10,80,USA,23362
2020-04-11,81,USA,25481
2020-04-12,82,USA,27294
2020-04-13,83,USA,29240
2020-04-14,84,USA,31695
2020-04-15,85,USA,34304
2020-04-16,86,USA,36480
2020-04-17,87,USA,38573
2020-04-18,88,USA,40533
2020-04-19,89,USA,42464
2020-04-20,90,USA,44650
2020-04-21,91,USA,47198
2020-04-22,92,USA,49632
2020-04-23,93,USA,52101
2020-04-24,94,USA,54255
2020-04-25,95,USA,55953
2020-04-26,96,USA,57282
2020-04-27,97,USA,58748
2020-04-28,98,USA,60989
2020-04-29,99,USA,63510
2020-04-30,100,USA,65832
2020-05-01,101,USA,67723
2020-05-02,102,USA,69415
2020-05-03,103,USA,70535
2020-05-04,104,USA,71868
2020-05-05,105,USA,74186
2020-05-06,106,USA,76550
2020-05-07,107,USA,78484
2020-05-08,108,USA,80231
2020-05-09,109,USA,81719
2020-05-10,110,USA,82612
2020-05-11,111,USA,83626
2020-05-12,112,USA,85253
2020-05-13,113,USA,87017
2020-05-14,114,USA,88800
2020-05-15,115,USA,90481
2020-05-16,116,USA,91697
2020-05-17,117,USA,92455
2020-05-18,118,USA,93627
2020-05-19,119,USA,95179
2020-05-20,120,USA,96705
2020-05-21,121,USA,97922
2020-05-22,122,USA,99166
2020-05-23,123,USA,100275
2020-05-24,124,USA,100897
2020-05-25,125,USA,101445
2020-05-26,126,USA,102107
2020-05-27,127,USA,103625
2020-05-28,128,USA,104803
2020-05-29,129,USA,105963
2020-05-30,130,USA,106926
2020-05-31,131,USA,107507
2020-06-01,132,USA,108283
2020-06-02,133,USA,109351
2020-06-03,134,USA,110358
2020-06-04,135,USA,111381
2020-06-05,136,USA,112295
2020-06-06,137,USA,112954
2020-06-07,138,USA,113392
2020-06-08,139,USA,113911
2020-06-09,140,USA,114861
2020-06-10,141,USA,115762
2020-06-11,142,USA,116633
2020-06-12,143,USA,117461
2020-06-13,144,USA,118220
2020-06-14,145,USA,118528
2020-06-15,146,USA,118922
2020-06-16,147,USA,119760
2020-06-17,148,USA,120504
2020-06-18,149,USA,121222
2020-06-19,150,USA,121892
2020-06-20,151,USA,122496
2020-06-21,152,USA,122781
2020-06-22,153,USA,123170
2020-06-23,154,USA,124017
2020-06-24,155,USA,124776
2020-06-25,156,USA,125327
2020-06-26,157,USA,125944
2020-06-27,158,USA,126448
2020-06-28,159,USA,126721
2020-06-29,160,USA,127098
2020-06-30,161,USA,127723
2020-07-01,162,USA,128417
2020-07-02,163,USA,129144
2020-07-03,164,USA,129804
2020-07-04,165,USA,130069
2020-07-05,166,USA,130357
2020-07-06,167,USA,130712
2020-07-07,168,USA,131934
2020-07-08,169,USA,132797
2020-07-09,170,USA,133800
2020-07-10,171,USA,134624
2020-07-11,172,USA,135314
2020-07-12,173,USA,135773
2020-07-13,174,USA,136140
2020-07-14,175,USA,137066
2020-07-15,176,USA,138034
2020-07-16,177,USA,138977
2020-07-17,178,USA,139907
2020-07-18,179,USA,140775
2020-07-19,180,USA,141222
2020-07-20,181,USA,141736
2020-07-21,182,USA,142843
2020-07-22,183,USA,144059
2020-07-23,184,USA,145153
2020-07-24,185,USA,146285
2020-07-25,186,USA,147184
2020-07-26,187,USA,147656
2020-07-27,188,USA,148776
2020-07-28,189,USA,150150
2020-07-29,190,USA,151582
2020-07-30,191,USA,152791
2020-07-31,192,USA,154034
2020-08-01,193,USA,155149
2020-08-02,194,USA,155552
2020-08-03,195,USA,156082
2020-08-04,196,USA,157460
2020-08-05,197,USA,158836
2020-08-06,198,USA,160089
2020-08-07,199,USA,161331
2020-08-08,200,USA,162408
2020-08-09,201,USA,162919
2020-08-10,202,USA,163446
2020-08-11,203,USA,164510
2020-08-12,204,USA,166015
2020-08-13,205,USA,167085
2020-08-14,206,USA,168423
2020-08-15,207,USA,169457
2020-08-16,208,USA,170028
2020-08-17,209,USA,170474
2020-08-18,210,USA,171799
2020-08-19,211,USA,173152
2020-08-20,212,USA,174231
2020-08-21,213,USA,175336
2020-08-22,214,USA,176318
2020-08-23,215,USA,176768
2020-08-24,216,USA,177210
2020-08-25,217,USA,178449
2020-08-26,218,USA,179674
2020-08-27,219,USA,180785
2020-08-28,220,USA,181756
2020-08-29,221,USA,182714
2020-08-30,222,USA,183024
2020-08-31,223,USA,183597
2020-09-01,224,USA,184664
2020-09-02,225,USA,185720
2020-09-03,226,USA,186790
2020-09-04,227,USA,187755
2020-09-05,228,USA,188538
2020-09-06,229,USA,188941
2020-09-07,230,USA,189208
2020-09-08,231,USA,189653
2020-09-09,232,USA,190859
2020-09-10,233,USA,191766
2020-09-11,234,USA,192979
2020-09-12,235,USA,193693
2020-09-13,236,USA,194071
2020-09-14,237,USA,194493
2020-09-15,238,USA,195781
2020-09-16,239,USA,196763
2020-09-17,240,USA,197633
2020-09-18,241,USA,198570
2020-09-19,242,USA,199282
2020-09-20,243,USA,199509
2020-09-21,244,USA,199865
2020-01-22,1,Wave 3,0.1
2020-01-23,2,Wave 3,0.1
2020-01-24,3,Wave 3,0.1
2020-01-25,4,Wave 3,0.1
2020-01-26,5,Wave 3,0.1
2020-01-27,6,Wave 3,0.1
2020-01-28,7,Wave 3,0.1
2020-01-29,8,Wave 3,0.1
2020-01-30,9,Wave 3,0.1
2020-01-31,10,Wave 3,0.1
2020-02-01,11,Wave 3,0.1
2020-02-02,12,Wave 3,0.1
2020-02-03,13,Wave 3,0.1
2020-02-04,14,Wave 3,0.1
2020-02-05,15,Wave 3,0.1
2020-02-06,16,Wave 3,0.1
2020-02-07,17,Wave 3,0.1
2020-02-08,18,Wave 3,0.1
2020-02-09,19,Wave 3,0.1
2020-02-10,20,Wave 3,0.1
2020-02-11,21,Wave 3,0.1
2020-02-12,22,Wave 3,0.1
2020-02-13,23,Wave 3,0.1
2020-02-14,24,Wave 3,0.1
2020-02-15,25,Wave 3,0.1
2020-02-16,26,Wave 3,0.1
2020-02-17,27,Wave 3,0.1
2020-02-18,28,Wave 3,0.1
2020-02-19,29,Wave 3,0.1
2020-02-20,30,Wave 3,0.1
2020-02-21,31,Wave 3,0.1
2020-02-22,32,Wave 3,0.1
2020-02-23,33,Wave 3,0.1
2020-02-24,34,Wave 3,0.1
2020-02-25,35,Wave 3,0.1
2020-02-26,36,Wave 3,0.1
2020-02-27,37,Wave 3,0.1
2020-02-28,38,Wave 3,0.1
2020-02-29,39,Wave 3,0.1
2020-03-01,40,Wave 3,0.1
2020-03-02,41,Wave 3,0.1
2020-03-03,42,Wave 3,0.1
2020-03-04,43,Wave 3,0.1
2020-03-05,44,Wave 3,0.1
2020-03-06,45,Wave 3,0.1
2020-03-07,46,Wave 3,0.1
2020-03-08,47,Wave 3,0.1
2020-03-09,48,Wave 3,0.1
2020-03-10,49,Wave 3,0.1
2020-03-11,50,Wave 3,0.1
2020-03-12,51,Wave 3,0.1
2020-03-13,52,Wave 3,0.1
2020-03-14,53,Wave 3,0.1
2020-03-15,54,Wave 3,0.1
2020-03-16,55,Wave 3,0.1
2020-03-17,56,Wave 3,1
2020-03-18,57,Wave 3,4
2020-03-19,58,Wave 3,9
2020-03-20,59,Wave 3,18
2020-03-21,60,Wave 3,25
2020-03-22,61,Wave 3,37
2020-03-23,62,Wave 3,49
2020-03-24,63,Wave 3,66
2020-03-25,64,Wave 3,87
2020-03-26,65,Wave 3,109
2020-03-27,66,Wave 3,132
2020-03-28,67,Wave 3,162
2020-03-29,68,Wave 3,202
2020-03-30,69,Wave 3,241
2020-03-31,70,Wave 3,304
2020-04-01,71,Wave 3,377
2020-04-02,72,Wave 3,504
2020-04-03,73,Wave 3,567
2020-04-04,74,Wave 3,704
2020-04-05,75,Wave 3,785
2020-04-06,76,Wave 3,915
2020-04-07,77,Wave 3,1093
2020-04-08,78,Wave 3,1286
2020-04-09,79,Wave 3,1480
2020-04-10,80,Wave 3,1692
2020-04-11,81,Wave 3,1839
2020-04-12,82,Wave 3,2015
2020-04-13,83,Wave 3,2210
2020-04-14,84,Wave 3,2549
2020-04-15,85,Wave 3,2860
2020-04-16,86,Wave 3,3164
2020-04-17,87,Wave 3,3538
2020-04-18,88,Wave 3,3967
2020-04-19,89,Wave 3,4230
2020-04-20,90,Wave 3,4492
2020-04-21,91,Wave 3,4904
2020-04-22,92,Wave 3,5313
2020-04-23,93,Wave 3,5943
2020-04-24,94,Wave 3,6606
2020-04-25,95,Wave 3,7200
2020-04-26,96,Wave 3,7585
2020-04-27,97,Wave 3,8107
2020-04-28,98,Wave 3,8887
2020-04-29,99,Wave 3,9696
2020-04-30,100,Wave 3,10546
2020-05-01,101,Wave 3,11250
2020-05-02,102,Wave 3,11842
2020-05-03,103,Wave 3,12392
2020-05-04,104,Wave 3,12981
2020-05-05,105,Wave 3,13998
2020-05-06,106,Wave 3,15038
2020-05-07,107,Wave 3,16106
2020-05-08,108,Wave 3,17343
2020-05-09,109,Wave 3,18407
2020-05-10,110,Wave 3,19178
2020-05-11,111,Wave 3,20013
2020-05-12,112,Wave 3,21409
2020-05-13,113,Wave 3,22729
2020-05-14,114,Wave 3,23982
2020-05-15,115,Wave 3,25523
2020-05-16,116,Wave 3,26804
2020-05-17,117,Wave 3,27664
2020-05-18,118,Wave 3,28843
2020-05-19,119,Wave 3,30608
2020-05-20,120,Wave 3,32214
2020-05-21,121,Wave 3,34152
2020-05-22,122,Wave 3,35956
2020-05-23,123,Wave 3,37457
2020-05-24,124,Wave 3,38645
2020-05-25,125,Wave 3,40029
2020-05-26,126,Wave 3,41980
2020-05-27,127,Wave 3,43956
2020-05-28,128,Wave 3,45929
2020-05-29,129,Wave 3,47881
2020-05-30,130,Wave 3,49626
2020-05-31,131,Wave 3,50650
2020-06-01,132,Wave 3,51897
2020-06-02,133,Wave 3,54080
2020-06-03,134,Wave 3,56979
2020-06-04,135,Wave 3,59721
2020-06-05,136,Wave 3,61779
2020-06-06,137,Wave 3,63522
2020-06-07,138,Wave 3,64707
2020-06-08,139,Wave 3,66661
2020-06-09,140,Wave 3,68968
2020-06-10,141,Wave 3,71596
2020-06-11,142,Wave 3,74027
2020-06-12,143,Wave 3,75927
2020-06-13,144,Wave 3,77891
2020-06-14,145,Wave 3,79565
2020-06-15,146,Wave 3,81062
2020-06-16,147,Wave 3,83578
2020-06-17,148,Wave 3,86326
2020-06-18,149,Wave 3,88929
2020-06-19,150,Wave 3,91504
2020-06-20,151,Wave 3,93560
2020-06-21,152,Wave 3,95772
2020-06-22,153,Wave 3,97585
2020-06-23,154,Wave 3,100171
2020-06-24,155,Wave 3,102943
2020-06-25,156,Wave 3,105338
2020-06-26,157,Wave 3,107652
2020-06-27,158,Wave 3,110097
2020-06-28,159,Wave 3,111445
2020-06-29,160,Wave 3,113048
2020-06-30,161,Wave 3,115530
2020-07-01,162,Wave 3,117862
2020-07-02,163,Wave 3,120384
2020-07-03,164,Wave 3,122908
2020-07-04,165,Wave 3,125101
2020-07-05,166,Wave 3,126516
2020-07-06,167,Wave 3,128106
2020-07-07,168,Wave 3,130787
2020-07-08,169,Wave 3,133372
2020-07-09,170,Wave 3,135870
2020-07-10,171,Wave 3,138296
2020-07-11,172,Wave 3,140436
2020-07-12,173,Wave 3,141848
2020-07-13,174,Wave 3,143458
2020-07-14,175,Wave 3,146062
2020-07-15,176,Wave 3,148410
2020-07-16,177,Wave 3,150953
2020-07-17,178,Wave 3,154367
2020-07-18,179,Wave 3,156359
2020-07-19,180,Wave 3,157789
2020-07-20,181,Wave 3,159221
2020-07-21,182,Wave 3,161970
2020-07-22,183,Wave 3,164528
2020-07-23,184,Wave 3,170791
2020-07-24,185,Wave 3,173174
2020-07-25,186,Wave 3,175435
2020-07-26,187,Wave 3,176549
2020-07-27,188,Wave 3,178304
2020-07-28,189,Wave 3,180539
2020-07-29,190,Wave 3,183090
2020-07-30,191,Wave 3,185159
2020-07-31,192,Wave 3,187557
2020-08-01,193,Wave 3,189642
2020-08-02,194,Wave 3,191247
2020-08-03,195,Wave 3,192511
2020-08-04,196,Wave 3,194985
2020-08-05,197,Wave 3,197726
2020-08-06,198,Wave 3,200263
2020-08-07,199,Wave 3,202614
2020-08-08,200,Wave 3,204465
2020-08-09,201,Wave 3,205965
2020-08-10,202,Wave 3,207780
2020-08-11,203,Wave 3,210441
2020-08-12,204,Wave 3,212586
2020-08-13,205,Wave 3,214981
2020-08-14,206,Wave 3,221023
2020-08-15,207,Wave 3,222605
2020-08-16,208,Wave 3,223854
2020-08-17,209,Wave 3,225190
2020-08-18,210,Wave 3,227735
2020-08-19,211,Wave 3,230055
2020-08-20,212,Wave 3,232343
2020-08-21,213,Wave 3,234314
2020-08-22,214,Wave 3,236335
2020-08-23,215,Wave 3,237460
2020-08-24,216,Wave 3,238768
2020-08-25,217,Wave 3,241075
2020-08-26,218,Wave 3,243207
2020-08-27,219,Wave 3,245109
2020-08-28,220,Wave 3,246912
2020-08-29,221,Wave 3,248756
2020-08-30,222,Wave 3,250000
2020-08-31,223,Wave 3,251178
2020-09-01,224,Wave 3,253597
2020-09-02,225,Wave 3,255680
2020-09-03,226,Wave 3,257277
2020-09-04,227,Wave 3,259277
2020-09-05,228,Wave 3,260837
2020-09-06,229,Wave 3,261815
2020-09-07,230,Wave 3,262672
2020-09-08,231,Wave 3,264234
2020-09-09,232,Wave 3,266251
2020-09-10,233,Wave 3,268218
2020-09-11,234,Wave 3,269963
2020-09-12,235,Wave 3,271547
2020-09-13,236,Wave 3,272439
2020-09-14,237,Wave 3,273415
2020-09-15,238,Wave 3,275512
2020-09-16,239,Wave 3,277114
2020-09-17,240,Wave 3,278561
2020-09-18,241,Wave 3,280380
2020-09-19,242,Wave 3,281968
2020-09-20,243,Wave 3,282816
2020-09-21,244,Wave 3,283547
